Workbook

Sheet clima
A1: omm_id | B1: fecha | C1: dia_año | D1: Tx | E1: Tn | F1: Tm | G1: Pp | H1: latitud | I1: declinación solar | J1: Fp | K1: ETO(H-S)
A2: 87480 | B2: 30317 | C2: =B2-DATE(YEAR(B2),1,1)+1 -> 1 | D2: 35.2 | E2: 21.1 | F2: 27.8 | G2: 1.4 | H2: -32.9036 | I2: =23.45*SIN(RADIANS(360/365*(C2-81))) -> -23.011637 | J2: =IFERROR(24 / PI() * ACOS(-TAN(RADIANS(H2)) * TAN(RADIANS(I2))), IF(-TAN(RADIANS(H2)) * TAN(RADIANS(I2)) >= 1, 0,24)) -> 14.126664 | K2: 6.5
A3: 87480 | B3: 30318 | C3: =B3-DATE(YEAR(B3),1,1)+1 -> 2 | D3: 28.4 | E3: 24.2 | F3: 27 | G3: 0 | H3: -32.9036 | I3: =23.45*SIN(RADIANS(360/365*(C3-81))) -> -22.930544 | J3: =IFERROR(24 / PI() * ACOS(-TAN(RADIANS(H3)) * TAN(RADIANS(I3))), IF(-TAN(RADIANS(H3)) * TAN(RADIANS(I3)) >= 1, 0,24)) -> 14.118082 | K3: 2.2
A4: 87480 | B4: 30319 | C4: =B4-DATE(YEAR(B4),1,1)+1 -> 3 | D4: 29.8 | E4: 22.5 | F4: 25.8 | G4: 0 | H4: -32.9036 | I4: =23.45*SIN(RADIANS(360/365*(C4-81))) -> -22.842656 | J4: =IFERROR(24 / PI() * ACOS(-TAN(RADIANS(H4)) * TAN(RADIANS(I4))), IF(-TAN(RADIANS(H4)) * TAN(RADIANS(I4)) >= 1, 0,24)) -> 14.108796 | K4: 6.9
A5: 87480 | B5: 30320 | C5: =B5-DATE(YEAR(B5),1,1)+1 -> 4 | D5: 31.3 | E5: 18.8 | F5: 25.2 | G5: 0.8 | H5: -32.9036 | I5: =23.45*SIN(RADIANS(360/365*(C5-81))) -> -22.747999 | J5: =IFERROR(24 / PI() * ACOS(-TAN(RADIANS(H5)) * TAN(RADIANS(I5))), IF(-TAN(RADIANS(H5)) * TAN(RADIANS(I5)) >= 1, 0,24)) -> 14.098811 | K5: 5.8
A6: 87480 | B6: 30321 | C6: =B6-DATE(YEAR(B6),1,1)+1 -> 5 | D6: 30.4 | E6: 18.3 | F6: 25.2 | G6: 0 | H6: -32.9036 | I6: =23.45*SIN(RADIANS(360/365*(C6-81))) -> -22.646602 | J6: =IFERROR(24 / PI() * ACOS(-TAN(RADIANS(H6)) * TAN(RADIANS(I6))), IF(-TAN(RADIANS(H6)) * TAN(RADIANS(I6)) >= 1, 0,24)) -> 14.088135 | K6: 6.9
A7: 87480 | B7: 30322 | C7: =B7-DATE(YEAR(B7),1,1)+1 -> 6 | D7: 29.5 | E7: 21.5 | F7: 26.1 | G7: 0 | H7: -32.9036 | I7: =23.45*SIN(RADIANS(360/365*(C7-81))) -> -22.538493 | J7: =IFERROR(24 / PI() * ACOS(-TAN(RADIANS(H7)) * TAN(RADIANS(I7))), IF(-TAN(RADIANS(H7)) * TAN(RADIANS(I7)) >= 1, 0,24)) -> 14.076774 | K7: 7.7
A8: 87480 | B8: 30323 | C8: =B8-DATE(YEAR(B8),1,1)+1 -> 7 | D8: 31.8 | E8: 20 | F8: 26.8 | G8: 0 | H8: -32.9036 | I8: =23.45*SIN(RADIANS(360/365*(C8-81))) -> -22.423707 | J8: =IFERROR(24 / PI() * ACOS(-TAN(RADIANS(H8)) * TAN(RADIANS(I8))), IF(-TAN(RADIANS(H8)) * TAN(RADIANS(I8)) >= 1, 0,24)) -> 14.064736 | K8: 6.2
A9: 87480 | B9: 30324 | C9: =B9-DATE(YEAR(B9),1,1)+1 -> 8 | D9: 32.8 | E9: 20.9 | F9: 27.2 | G9: 0 | H9: -32.9036 | I9: =23.45*SIN(RADIANS(360/365*(C9-81))) -> -22.302275 | J9: =IFERROR(24 / PI() * ACOS(-TAN(RADIANS(H9)) * TAN(RADIANS(I9))), IF(-TAN(RADIANS(H9)) * TAN(RADIANS(I9)) >= 1, 0,24)) -> 14.052029 | K9: 6
A10: 87480 | B10: 30325 | C10: =B10-DATE(YEAR(B10),1,1)+1 -> 9 | D10: 33 | E10: 23.5 | F10: 27.8 | G10: 0 | H10: -32.9036 | I10: =23.45*SIN(RADIANS(360/365*(C10-81))) -> -22.174235 | J10: =IFERROR(24 / PI() * ACOS(-TAN(RADIANS(H10)) * TAN(RADIANS(I10))), IF(-TAN(RADIANS(H10)) * TAN(RADIANS(I10)) >= 1, 0,24)) -> 14.03866 | K10: 7.4
A11: 87480 | B11: 30326 | C11: =B11-DATE(YEAR(B11),1,1)+1 -> 10 | D11: 32 | E11: 22.8 | F11: 27.4 | G11: 0 | H11: -32.9036 | I11: =23.45*SIN(RADIANS(360/365*(C11-81))) -> -22.039625 | J11: =IFERROR(24 / PI() * ACOS(-TAN(RADIANS(H11)) * TAN(RADIANS(I11))), IF(-TAN(RADIANS(H11)) * TAN(RADIANS(I11)) >= 1, 0,24)) -> 14.024638 | K11: 3.7
A12: 87480 | B12: 30327 | C12: =B12-DATE(YEAR(B12),1,1)+1 -> 11 | D12: 33.3 | E12: 22 | F12: 27.9 | G12: 0 | H12: -32.9036 | I12: =23.45*SIN(RADIANS(360/365*(C12-81))) -> -21.898483 | J12: =IFERROR(24 / PI() * ACOS(-TAN(RADIANS(H12)) * TAN(RADIANS(I12))), IF(-TAN(RADIANS(H12)) * TAN(RADIANS(I12)) >= 1, 0,24)) -> 14.009972 | K12: 4.3
A13: 87480 | B13: 30328 | C13: =B13-DATE(YEAR(B13),1,1)+1 -> 12 | D13: 32.8 | E13: 24 | F13: 28 | G13: 3.8 | H13: -32.9036 | I13: =23.45*SIN(RADIANS(360/365*(C13-81))) -> -21.750852 | J13: =IFERROR(24 / PI() * ACOS(-TAN(RADIANS(H13)) * TAN(RADIANS(I13))), IF(-TAN(RADIANS(H13)) * TAN(RADIANS(I13)) >= 1, 0,24)) -> 13.994671 | K13: 5.7
... A548: 87480 | B548: 30863 | C548: =B548-DATE(YEAR(B548),1,1)+1 -> 182 | D548: 18.5 | E548: 1.8 | F548: 12.8 | G548: 0 | H548: -32.9036 | I548: =23.45*SIN(RADIANS(360/365*(C548-81))) -> 23.120484 | J548: =IFERROR(24 / PI() * ACOS(-TAN(RADIANS(H548)) * TAN(RADIANS(I548))), IF(-TAN(RADIANS(H548)) * TAN(RADIANS(I548)) >= 1, 0,24)) -> 9.8617968 | K548: 6.5

Sheet suelos
A1: Localidad | B1: Codigo | C1: Serie Suelo | D1: Tipo Suelo | E1: U | F1: DR | G1: CN | H1: kl | I1: Um | J1: Horiz | K1: PFH | L1: PMP | M1: CC | N1: Sat
A2: Benito Juarez | B2: IN54BJUA01 | C2: Azul 80 | D2: PALEUDOL PETROCÁLCICO | E2: 10 | F2: 0.6 | G2: 81 | H2: 0.1 | I2: 0.5 | J2: Ap | K2: 20 | L2: 0.17 | M2: 0.31 | N2: 0.56
A3: Benito Juarez | J3: BAt | K3: 40 | L3: 0.22 | M3: 0.35 | N3: 0.5
A4: Benito Juarez | J4: Bt | K4: 60 | L4: 0.25 | M4: 0.37 | N4: 0.45
A5: Benito Juarez | J5: BC | K5: 80 | L5: 0.15 | M5: 0.27 | N5: 0.41
A6: Benito Juarez | B6: IN54BJUA03 | C6: Laprida 140 | D6: Argiudol tipico | E6: 10 | F6: 0.4 | G6: 79 | H6: 0.1 | I6: 0.5 | J6: AP | K6: 20 | L6: 0.15 | M6: 0.29 | N6: 0.54
A7: Benito Juarez | J7: B1 | K7: 40 | L7: 0.17 | M7: 0.3 | N7: 0.47
A8: Benito Juarez | J8: B2T | K8: 60 | L8: 0.19 | M8: 0.31 | N8: 0.41
A9: Benito Juarez | J9: B3 | K9: 90 | L9: 0.13 | M9: 0.26 | N9: 0.43
A10: Benito Juarez | J10: C | K10: 120 | L10: 0.12 | M10: 0.24 | N10: 0.41
A11: Benito Juarez | J11: C | K11: 140 | L11: 0.12 | M11: 0.24 | N11: 0.41
A12: Benito Juarez | B12: IN54BJUA02 | C12: Tres Arroyos 100 | D12: Argiudol tipico | E12: 10 | F12: 0.4 | G12: 81 | H12: 0.1 | I12: 0.5 | J12: AP | K12: 20 | L12: 0.15 | M12: 0.28 | N12: 0.5
A13: Benito Juarez | J13: B21T | K13: 40 | L13: 0.22 | M13: 0.34 | N13: 0.47
A14: Benito Juarez | J14: B21T | K14: 60 | L14: 0.22 | M14: 0.34 | N14: 0.43
A15: Benito Juarez | J15: B3 | K15: 90 | L15: 0.14 | M15: 0.27 | N15: 0.43
A16: Benito Juarez | J16: C | K16: 100 | L16: 0.12 | M16: 0.25 | N16: 0.41
A17: Coronel Suarez | B17: IN54SUAR01 | C17: La Colina 100 | D17: Hapludol típico | E17: 10 | F17: 0.4 | G17: 78 | H17: 0.1 | I17: 0.5 | J17: A1 | K17: 20 | L17: 0.13 | M17: 0.28 | N17: 0.54
A18: Coronel Suarez | J18: B2 | K18: 40 | L18: 0.13 | M18: 0.26 | N18: 0.47
A19: Coronel Suarez | J19: B2 | K19: 60 | L19: 0.13 | M19: 0.26 | N19: 0.45
A20: Coronel Suarez | J20: C1 | K20: 90 | L20: 0.11 | M20: 0.24 | N20: 0.41
A21: Coronel Suarez | J21: C1 | K21: 100 | L21: 0.11 | M21: 0.24 | N21: 0.41
A22: Coronel Suarez | B22: IN54SUAR02 | C22: La Colina 140 | D22: Hapludol típico | E22: 10 | F22: 0.4 | G22: 77 | H22: 0.1 | I22: 0.5 | J22: A1 | K22: 20 | L22: 0.13 | M22: 0.28 | N22: 0.54
A23: Coronel Suarez | J23: B2 | K23: 40 | L23: 0.13 | M23: 0.26 | N23: 0.47
A24: Coronel Suarez | J24: B2 | K24: 60 | L24: 0.13 | M24: 0.26 | N24: 0.45
A25: Coronel Suarez | J25: C1 | K25: 90 | L25: 0.11 | M25: 0.24 | N25: 0.41
A26: Coronel Suarez | J26: C1 | K26: 120 | L26: 0.11 | M26: 0.24 | N26: 0.41
A27: Coronel Suarez | J27: C2CA | K27: 140 | L27: 0.08 | M27: 0.2 | N27: 0.39
A28: Gualeguaychu | B28: IN65GUAL01 | C28: LA EMILIANA | D28: ARGIUDOL ACUICO | E28: 10 | F28: 0.4 | G28: 81 | H28: 0.08 | I28: 0.5 | J28: A1 | K28: 20 | L28: 0.16 | M28: 0.31 | N28: 0.52
A29: Gualeguaychu | J29: B2 | K29: 40 | L29: 0.26 | M29: 0.4 | N29: 0.47
A30: Gualeguaychu | J30: B2 | K30: 60 | L30: 0.26 | M30: 0.39 | N30: 0.47
A31: Gualeguaychu | J31: B2 | K31: 90 | L31: 0.27 | M31: 0.4 | N31: 0.45
A32: Gualeguaychu | J32: C | K32: 120 | L32: 0.24 | M32: 0.37 | N32: 0.43
A33: Gualeguaychu | J33: C | K33: 150 | L33: 0.24 | M33: 0.37 | N33: 0.43
A34: Gualeguaychu | J34: C | K34: 180 | L34: 0.24 | M34: 0.37 | N34: 0.43
A35: Gualeguaychu | B35: IN65GUAL02 | C35: LA PAULINA | D35: PELLUDERT ARGIUDOLICO | E35: 11 | F35: 0.4 | G35: 86 | H35: 0.05 | I35: 0.7 | J35: AP | K35: 20 | L35: 0.18 | M35: 0.33 | N35: 0.52
A36: Gualeguaychu | J36: BT | K36: 40 | L36: 0.22 | M36: 0.36 | N36: 0.52
A37: Gualeguaychu | J37: BT | K37: 60 | L37: 0.22 | M37: 0.36 | N37: 0.5
A38: Gualeguaychu | J38: BT | K38: 90 | L38: 0.24 | M38: 0.38 | N38: 0.48
A39: Gualeguaychu | J39: C | K39: 120 | L39: 0.23 | M39: 0.37 | N39: 0.43
A40: Gualeguaychu | J40: C | K40: 150 | L40: 0.23 | M40: 0.37 | N40: 0.43
A41: Gualeguaychu | J41: C | K41: 180 | L41: 0.23 | M41: 0.37 | N41: 0.43
A42: Gualeguaychu | B42: IN65GUAL03 | C42: EL TRIANGULO | D42: PELUDERT ARGICO CROMICO | E42: 12 | F42: 0.4 | G42: 88 | H42: 0.05 | I42: 0.7 | J42: A1 | K42: 20 | L42: 0.22 | M42: 0.37 | N42: 0.52
A43: Gualeguaychu | J43: B2 | K43: 40 | L43: 0.24 | M43: 0.38 | N43: 0.5
A44: Gualeguaychu | J44: Bt | K44: 60 | L44: 0.26 | M44: 0.4 | N44: 0.48
A45: Gualeguaychu | J45: Bt | K45: 90 | L45: 0.26 | M45: 0.4 | N45: 0.48
A46: Gualeguaychu | J46: B3 | K46: 120 | L46: 0.25 | M46: 0.39 | N46: 0.45
A47: Gualeguaychu | J47: C | K47: 150 | L47: 0.25 | M47: 0.38 | N47: 0.43
A48: Junin | B48: IN65JUNI01 | C48: ROJAS | D48: ARGIUDOL TIPICO | E48: 10 | F48: 0.4 | G48: 77 | H48: 0.1 | I48: 0.5 | J48: AP | K48: 20 | L48: 0.14 | M48: 0.28 | N48: 0.5
A49: Junin | J49: B1 | K49: 40 | L49: 0.15 | M49: 0.28 | N49: 0.45
A50: Junin | J50: BT | K50: 60 | L50: 0.19 | M50: 0.32 | N50: 0.45
A51: Junin | J51: BT | K51: 90 | L51: 0.16 | M51: 0.29 | N51: 0.43
A52: Junin | J52: B3 | K52: 120 | L52: 0.11 | M52: 0.24 | N52: 0.43
A53: Junin | J53: C1 | K53: 150 | L53: 0.1 | M53: 0.23 | N53: 0.43
A54: Junin | J54: C1 | K54: 180 | L54: 0.1 | M54: 0.23 | N54: 0.43
A55: Junin | J55: C1 | K55: 210 | L55: 0.1 | M55: 0.23 | N55: 0.43
A56: Junin | B56: IN65JUNI02 | C56: SAFORCADA | D56: HAPLUDOL ENTIC | E56: 8 | F56: 0.8 | G56: 72 | H56: 0.1 | I56: 0.3 | J56: A | K56: 20 | L56: 0.05 | M56: 0.14 | N56: 0.41
A57: Junin | J57: A | K57: 40 | L57: 0.05 | M57: 0.14 | N57: 0.39
A58: Junin | J58: AC | K58: 60 | L58: 0.05 | M58: 0.13 | N58: 0.38
A59: Junin | J59: C | K59: 90 | L59: 0.04 | M59: 0.12 | N59: 0.38
A60: Junin | J60: C | K60: 120 | L60: 0.04 | M60: 0.12 | N60: 0.38
A61: Junin | J61: C | K61: 150 | L61: 0.04 | M61: 0.12 | N61: 0.38
A62: Junin | J62: C | K62: 180 | L62: 0.04 | M62: 0.12 | N62: 0.38
A63: Junin | J63: C | K63: 210 | L63: 0.04 | M63: 0.12 | N63: 0.38
A64: Junin | B64: IN65JUNI03 | C64: SAN GREGORIO 120 | D64: HAPLUDOL THAPTO ARGICO | E64: 20 | F64: 0.2 | G64: 81 | H64: 0.1 | I64: 0.5 | J64: A | K64: 20 | L64: 0.14 | M64: 0.27 | N64: 0.48
A65: Junin | J65: AC | K65: 40 | L65: 0.13 | M65: 0.25 | N65: 0.41
A66: Junin | J66: AC | K66: 60 | L66: 0.13 | M66: 0.25 | N66: 0.39
A67: Junin | J67: BT | K67: 90 | L67: 0.15 | M67: 0.27 | N67: 0.39
A68: Junin | J68: B3 | K68: 120 | L68: 0.15 | M68: 0.27 | N68: 0.39
A69: Laboulaye | B69: IN63LABO01 | C69: Leguizamon | D69: Haplustol udico | E69: 9 | F69: 0.6 | G69: 73 | H69: 0.1 | I69: 0.5 | J69: A1 | K69: 20 | L69: 0.1 | M69: 0.23 | N69: 0.47
A70: Laboulaye | J70: B2 | K70: 40 | L70: 0.11 | M70: 0.23 | N70: 0.41
A71: Laboulaye | J71: B3 | K71: 60 | L71: 0.09 | M71: 0.21 | N71: 0.39
A72: Laboulaye | J72: C | K72: 90 | L72: 0.08 | M72: 0.2 | N72: 0.38
A73: Laboulaye | J73: C | K73: 120 | L73: 0.08 | M73: 0.2 | N73: 0.38
A74: Laboulaye | J74: C | K74: 150 | L74: 0.08 | M74: 0.2 | N74: 0.38
A75: Laboulaye | J75: C | K75: 180 | L75: 0.08 | M75: 0.2 | N75: 0.38
A76: Laboulaye | J76: C | K76: 210 | L76: 0.08 | M76: 0.2 | N76: 0.38
A77: Laboulaye | B77: IN63LABO02 | C77: Laboulaye | D77: Haplustol udortentico | E77: 9 | F77: 0.6 | G77: 73 | H77: 0.1 | I77: 0.5 | J77: AP | K77: 20 | L77: 0.1 | M77: 0.23 | N77: 0.43
A78: Laboulaye | J78: AC | K78: 40 | L78: 0.09 | M78: 0.21 | N78: 0.41
A79: Laboulaye | J79: AC | K79: 60 | L79: 0.09 | M79: 0.21 | N79: 0.39
A80: Laboulaye | J80: C | K80: 90 | L80: 0.09 | M80: 0.21 | N80: 0.38
A81: Laboulaye | J81: C | K81: 120 | L81: 0.09 | M81: 0.21 | N81: 0.38
A82: Laboulaye | J82: C | K82: 150 | L82: 0.09 | M82: 0.21 | N82: 0.38
A83: Laboulaye | J83: C | K83: 180 | L83: 0.09 | M83: 0.21 | N83: 0.38
A84: Laboulaye | J84: C | K84: 210 | L84: 0.09 | M84: 0.21 | N84: 0.38
A85: Laboulaye | B85: IN63LABO03 | C85: Rosales | D85: Natralbol tipico | E85: 20 | F85: 0.2 | G85: 81 | H85: 0.08 | I85: 0.5 | J85: A1 | K85: 20 | L85: 0.09 | M85: 0.22 | N85: 0.45
A86: Laboulaye | J86: B2t | K86: 60 | L86: 0.12 | M86: 0.24 | N86: 0.39
A87: Laboulaye | J87: B3 | K87: 90 | L87: 0.09 | M87: 0.21 | N87: 0.38
A88: Laboulaye | J88: C | K88: 120 | L88: 0.08 | M88: 0.19 | N88: 0.36
A89: Laboulaye | J89: C | K89: 150 | L89: 0.08 | M89: 0.19 | N89: 0.36
A90: Marcos Juarez | B90: IN64MARC01 | C90: Casilda | D90: Argiudol Típico | E90: 10 | F90: 0.6 | G90: 79 | H90: 0.1 | I90: 0.5 | J90: Ap | K90: 20 | L90: 0.12 | M90: 0.27 | N90: 0.5
A91: Marcos Juarez | J91: B21t | K91: 40 | L91: 0.18 | M91: 0.32 | N91: 0.47
A92: Marcos Juarez | J92: B22t | K92: 60 | L92: 0.24 | M92: 0.38 | N92: 0.47
A93: Marcos Juarez | J93: B23t | K93: 90 | L93: 0.21 | M93: 0.35 | N93: 0.45
A94: Marcos Juarez | J94: B3 | K94: 120 | L94: 0.17 | M94: 0.31 | N94: 0.45
A95: Marcos Juarez | J95: C | K95: 150 | L95: 0.13 | M95: 0.27 | N95: 0.45
A96: Marcos Juarez | J96: C | K96: 180 | L96: 0.13 | M96: 0.27 | N96: 0.45
A97: Marcos Juarez | J97: C | K97: 210 | L97: 0.13 | M97: 0.27 | N97: 0.45
A98: Marcos Juarez | B98: IN64MARC03 | C98: Monte Buey | D98: Argiudol acuico | E98: 10 | F98: 0.6 | G98: 76 | H98: 0.1 | I98: 0.5 | J98: A1 | K98: 20 | L98: 0.14 | M98: 0.29 | N98: 0.52
A99: Marcos Juarez | J99: B21t | K99: 40 | L99: 0.17 | M99: 0.31 | N99: 0.48
A100: Marcos Juarez | J100: B22 | K100: 60 | L100: 0.15 | M100: 0.29 | N100: 0.47
...

Sheet cultivo
A1: cultivo | B1: cultivar | C1: parametro | D1: valor | E1: unidad
A2: trigo | C2: Tb_a | D2: 0 | E2: °C | F2: temperatura base a (siembra-emergencia maíz y soja, emergencia-madurez fisiológica trigo)
A3: trigo | C3: UT_S-E | D3: 150 | E3: °C | F3: unidades térmicas entre siembra y emergencia
A4: trigo | C4: UT_E-fKcbIni | D4: 300 | E4: °C | F4: unidades térmicas entre emergencia y fin kcb inicial
A5: trigo | C5: UT_E-iKcbMax | D5: 1000 | E5: °C | F5: unidades térmicas entre emergencia e inicio kcb máximo
A6: trigo | C6: UT_E-ET | D6: 400 | E6: °C | F6: unidades térmicas entre emergencia y espiguilla terminal (trigo)
A7: trigo | B7: intermedio-corto | C7: RCF | D7: 0.7 | F7: respuesta del cultivar al fotoperíodo
A8: trigo | B8: intermedio-largo | C8: RCF | D8: 0.85 | F8: respuesta del cultivar al fotoperíodo
A9: trigo | C9: UT_ET-iPC | D9: 100 | E9: °C | F9: unidades térmicas entre espiguilla terminal e inicio período crítico (trigo)
A10: trigo | C10: UT_ET-Z71 | D10: 700 | E10: °C | F10: unidades térmicas entre espiguilla terminal y Z71 (trigo)
A11: trigo | C11: UT_ET-fPC | D11: 800 | E11: °C | F11: unidades térmicas entre espiguilla terminal y fin período crítico (trigo)
A12: trigo | C12: UT_fPC-MF | D12: 400 | E12: °C | F12: unidades térmicas entre fin período crítico y madurez fisiológica (trigo)
A13: maiz | C13: Tb_a | D13: 10 | E13: °C | F13: temperatura base a (siembra-emergencia maíz y soja, ciclo completo trigo)
A14: maiz | C14: UT_S-E | D14: 80 | E14: °C | F14: unidades térmicas entre siembra y emergencia
A15: maiz | C15: Tb_b | D15: 8 | E15: °C | F15: temperatura base b (emergencia-madurez fisológica maíz y soja)
A16: maiz | C16: UT_E-fKcbIni | D16: 120 | E16: °C | F16: unidades térmicas entre emergencia y fin kcb inicial
A17: maiz | C17: UT_E-iKcbMax | D17: 560 | E17: °C | F17: unidades térmicas entre emergencia e inicio kcb máximo
A18: maiz | B18: templado-corto | C18: UT_E-R2 | D18: 950 | E18: °C | F18: unidades térmicas entre emergencia y R2 (maíz)
A19: maiz | B19: templado-intermedio | C19: UT_E-R2 | D19: 1050 | E19: °C | F19: unidades térmicas entre emergencia y R2 (maíz)
A20: maiz | B20: tropical-intermedio | C20: UT_E-R2 | D20: 1150 | E20: °C | F20: unidades térmicas entre emergencia y R2 (maíz)
A21: maiz | B21: templado-corto | C21: UT_E-iPC | D21: 500 | E21: °C | F21: unidades térmicas entre emergencia e inicio período crítico (maíz)
A22: maiz | B22: templado-intermedio | C22: UT_E-iPC | D22: 600 | E22: °C | F22: unidades térmicas entre emergencia e inicio período crítico (maíz)
A23: maiz | B23: tropical-intermedio | C23: UT_E-iPC | D23: 700 | E23: °C | F23: unidades térmicas entre emergencia e inicio período crítico (maíz)
A24: maiz | B24: templado-corto | C24: UT_E-fPC | D24: 1050 | E24: °C | F24: unidades térmicas entre emergencia y fin período crítico (maíz)
A25: maiz | B25: templado-intermedio | C25: UT_E-fPC | D25: 1150 | E25: °C | F25: unidades térmicas entre emergencia y fin período crítico (maíz)
A26: maiz | B26: tropical-intermedio | C26: UT_E-fPC | D26: 1250 | E26: °C | F26: unidades térmicas entre emergencia y fin período crítico (maíz)
A27: maiz | B27: templado-corto | C27: UT_R2-MF | D27: 550 | E27: °C | F27: unidades térmicas entre R2 y madurez fisiológica (maíz)
A28: maiz | B28: templado-intermedio | C28: UT_R2-MF | D28: 650 | E28: °C | F28: unidades térmicas entre R2 y madurez fisiológica (maíz)
A29: maiz | B29: tropical-intermedio | C29: UT_R2-MF | D29: 700 | E29: °C | F29: unidades térmicas entre R2 y madurez fisiológica (maíz)
A30: soja | C30: Tb_a | D30: 10 | E30: °C | F30: temperatura base a (siembra-emergencia maíz y soja, emergencia-madurez fisiológica trigo)
A31: soja | C31: To_a | D31: 27 | E31: °C | F31: temperatura óptima a (soja)
A32: soja | C32: UT_S-E | D32: 100 | E32: °C | F32: unidades térmicas entre siembra y emergencia
A33: soja | C33: Tb_b | D33: 7 | E33: °C | F33: temperatura base b (emergencia-madurez fisológica maíz y soja)
A34: soja | C34: UT_E-fKcbIni | D34: 180 | E34: °C | F34: unidades térmicas entre emergencia y fin kcb inicial
A35: soja | C35: UT_E-iKcbMax | D35: 840 | E35: °C | F35: unidades térmicas entre emergencia e inicio kcb máximo
A36: soja | B36: GM 3C | C36: FpU_E-R1 | D36: 13.5 | E36: h | F36: fotoperíodo umbral entre emergencia y R1 (soja)
A37: soja | B37: GM 4L | C37: FpU_E-R1 | D37: 13 | E37: h | F37: fotoperíodo umbral entre emergencia y R1 (soja)
A38: soja | B38: GM 6C | C38: FpU_E-R1 | D38: 12.5 | E38: h | F38: fotoperíodo umbral entre emergencia y R1 (soja)
A39: soja | C39: UT_E-R1 | D39: 400 | E39: °C | F39: unidades térmicas entre emergencia y R1 (soja)
A40: soja | B40: GM 3C | C40: FpU_R1-MF | D40: 13 | E40: h | F40: fotoperíodo umbral entre R1 y adurez fisiológica (soja)
A41: soja | B41: GM 4L | C41: FpU_R1-MF | D41: 12.5 | E41: h | F41: fotoperíodo umbral entre R1 y adurez fisiológica (soja)
A42: soja | B42: GM 6C | C42: FpU_R1-MF | D42: 12 | E42: h | F42: fotoperíodo umbral entre R1 y adurez fisiológica (soja)
A43: soja | C43: UT-R1-R5 | D43: 300 | E43: °C | F43: unidades térmicas entre R1 y R5 (soja)
A44: soja | C44: UT-R5-MF | D44: 800 | E44: °C | F44: unidades térmicas entre R5 y madurez fisiológica (soja)
A45: soja | C45: UT_R1-iPC | D45: 120 | E45: °C | F45: unidades térmicas entre R1 e inicio período crítico (soja)
A46: soja | C46: UT_R5-fPC | D46: 200 | E46: °C | F46: unidades térmicas entre R5 y fin período crítico (soja)
A47: trigo | C47: PR_S-E | D47: 0.2 | E47: m | F47: profundidad radical constante entre siembra y emergencia
A48: maiz | C48: PR_S-E | D48: 0.2 | E48: m | F48: profundidad radical constante entre siembra y emergencia
A49: soja | C49: PR_S-E | D49: 0.2 | E49: m | F49: profundidad radical constante entre siembra y emergencia
A50: trigo | C50: PR | D50: 0.13 | E50: cm/°C | F50: tasa de profundización radical
A51: maiz | C51: PR | D51: 0.2 | E51: cm/°C | F51: tasa de profundización radical
A52: soja | C52: PR | D52: 0.2 | E52: cm/°C | F52: tasa de profundización radical
A53: trigo | C53: Tb_c | D53: 0 | E53: °C | F53: temperatura base c (raices)
A54: maiz | C54: Tb_c | D54: 8 | E54: °C | F54: temperatura base c (raices)
A55: soja | C55: Tb_c | D55: 8 | E55: °C | F55: temperatura base c (raices)
A56: trigo | C56: KcbIni | D56: 0.15
A57: trigo | C57: KcbMax | D57: 1.1
A58: maiz | C58: KcbIni | D58: 0.15
A59: maiz | C59: KcbMax | D59: 1.1
A60: soja | C60: KcbIni | D60: 0.15
A61: soja | C61: KcbMax | D61: 1.1

Sheet condiciones iniciales
A1: variable | B1: dato | C1: descripción | F1: localidad | G1: omm_id | H1: suelo
A2: omm_id | B2: 87480 | F2: A | G2: A | H2: A
A3: suelo | F3: A | G3: A | H3: B
A4: cultivo | B4: trigo | F4: A | G4: A | H4: C
A5: cultivar | B5: intermedio-largo
A6: dda_S | B6: 150

Sheet fenologia
A1: variable | B1: dato | E1: Parámetro | F1: Valor | H1: n | I1: fila_clima | J1: día_año | K1: Tm | L1: Fp | M1: incr S→E | N1: acum S→E | O1: incr E→simple | P1: acum E→simple | Q1: incr E→hito1 | R1: acum E→hito1 | S1: incr hito1→hito2 | T1: acum hito1→hito2 | U1: incr raíz (Tbc) | V1: acum raíz (Tbc) | W1: n (días desde siembra) | X1: Profundidad radical (m) | Y1: Kcb
A2: cultivo | B2: ='condiciones iniciales'!B4 -> trigo | E2: Tb_a | F2: =SUMIFS(cultivo!$D:$D,cultivo!$A:$A,$B$2,cultivo!$C:$C,"Tb_a") -> 0 | H2: 0 | I2: =$F$26+H2 -> 151 | J2: =IFERROR(INDEX(clima!$C:$C,$I2),"") -> 150 | K2: =IFERROR(INDEX(clima!$F:$F,$I2),"") -> 6.9 | L2: =IFERROR(INDEX(clima!$J:$J,$I2),"") -> 10.005329 | M2: =IF($K2="","",MAX(0,(IF($B$2="soja",MIN($K2,$F$4),$K2))-$F$2)) -> 6.9 | N2: =M2 -> 6.9 | O2: =IF($K2="","",IF($I2<$F$27,0,MAX(0,(IF($B$2="soja",MIN($K2,$F$4),$K2))-$F$3))) -> 0 | P2: =O2 -> 0 | Q2: =IF($K2="","",IF($I2<$F$27,0,IF($B$2="trigo",MAX(0,$K2-$F$2)*MAX(0,(1-(((20-MIN(20,$L2))^2)*(0.01*$F$8)))),IF($B$2="maiz",MAX(0,$K2-$F$3),IF($B$2="soja",MAX(0,MIN($K2,$F$4)-$F$3)*MIN(1,MAX(0,1-MAX(0,($L2-$F$17))*0.3)),0))))) -> 0 | R2: =Q2 -> 0 | S2: =IF($K2="","",IF($I2<$F$28,0,IF($B$2="trigo",MAX(0,$K2),IF($B$2="soja",MAX(0,MIN($K2,$F$4)-$F$3)*MIN(1,MAX(0,1-MAX(0,($L2-$F$19))*0.3)),0)))) -> 0 | T2: =S2 -> 0 | U2: =IF($K2="","",IF(OR($I2<$F$27,$I2>$F$42),0,MAX(0,$K2-$F$37))) -> 0 | V2: =U2 -> 0 | W2: =H2 -> 0 | X2: =IF($I2="","",IF($I2<$F$27,$F$38,IF($I2<=$F$42,$F$38+($F$39*$V2)/100,$F$38+($F$39*INDEX($V:$V,$F$42))/100))) -> 0.2 | Y2: =IF($I2="","",IF($I2<$F$27,0,IF($P2<=$F$6,$F$40,IF($P2>=$F$7,$F$41,$F$40+($F$41-$F$40)*($P2-$F$6)/($F$7-$F$6))))) -> 0
A3: cultivar | B3: ='condiciones iniciales'!B5 -> intermedio-largo | E3: Tb_b | F3: =IF($B$2="trigo",F2,SUMIFS(cultivo!$D:$D,cultivo!$A:$A,$B$2,cultivo!$C:$C,"Tb_b")) -> 0 | H3: =H2+1 -> 1 | I3: =$F$26+H3 -> 152 | J3: =IFERROR(INDEX(clima!$C:$C,$I3),"") -> 151 | K3: =IFERROR(INDEX(clima!$F:$F,$I3),"") -> 8.2 | L3: =IFERROR(INDEX(clima!$J:$J,$I3),"") -> 9.9900276 | M3: =IF($K3="","",MAX(0,(IF($B$2="soja",MIN($K3,$F$4),$K3))-$F$2)) -> 8.2 | N3: =IF(M3="",N2,N2+M3) -> 15.1 | O3: =IF($K3="","",IF($I3<$F$27,0,MAX(0,(IF($B$2="soja",MIN($K3,$F$4),$K3))-$F$3))) -> 0 | P3: =IF(O3="",P2,P2+O3) -> 0 | Q3: =IF($K3="","",IF($I3<$F$27,0,IF($B$2="trigo",MAX(0,$K3-$F$2)*MAX(0,(1-(((20-MIN(20,$L3))^2)*(0.01*$F$8)))),IF($B$2="maiz",MAX(0,$K3-$F$3),IF($B$2="soja",MAX(0,MIN($K3,$F$4)-$F$3)*MIN(1,MAX(0,1-MAX(0,($L3-$F$17))*0.3)),0))))) -> 0 | R3: =IF(Q3="",R2,R2+Q3) -> 0 | S3: =IF($K3="","",IF($I3<$F$28,0,IF($B$2="trigo",MAX(0,$K3),IF($B$2="soja",MAX(0,MIN($K3,$F$4)-$F$3)*MIN(1,MAX(0,1-MAX(0,($L3-$F$19))*0.3)),0)))) -> 0 | T3: =IF(S3="",T2,T2+S3) -> 0 | U3: =IF($K3="","",IF(OR($I3<$F$27,$I3>$F$42),0,MAX(0,$K3-$F$37))) -> 0 | V3: =IF(U3="",V2,V2+U3) -> 0 | W3: =H3 -> 1 | X3: =IF($I3="","",IF($I3<$F$27,$F$38,IF($I3<=$F$42,$F$38+($F$39*$V3)/100,$F$38+($F$39*INDEX($V:$V,$F$42))/100))) -> 0.2 | Y3: =IF($I3="","",IF($I3<$F$27,0,IF($P3<=$F$6,$F$40,IF($P3>=$F$7,$F$41,$F$40+($F$41-$F$40)*($P3-$F$6)/($F$7-$F$6))))) -> 0
A4: dda_S | B4: ='condiciones iniciales'!B6 -> 150 | E4: To_a | F4: =IF($B$2="soja",SUMIFS(cultivo!$D:$D,cultivo!$A:$A,$B$2,cultivo!$C:$C,"To_a"),"") | H4: =H3+1 -> 2 | I4: =$F$26+H4 -> 153 | J4: =IFERROR(INDEX(clima!$C:$C,$I4),"") -> 152 | K4: =IFERROR(INDEX(clima!$F:$F,$I4),"") -> 7.5 | L4: =IFERROR(INDEX(clima!$J:$J,$I4),"") -> 9.9753617 | M4: =IF($K4="","",MAX(0,(IF($B$2="soja",MIN($K4,$F$4),$K4))-$F$2)) -> 7.5 | N4: =IF(M4="",N3,N3+M4) -> 22.6 | O4: =IF($K4="","",IF($I4<$F$27,0,MAX(0,(IF($B$2="soja",MIN($K4,$F$4),$K4))-$F$3))) -> 0 | P4: =IF(O4="",P3,P3+O4) -> 0 | Q4: =IF($K4="","",IF($I4<$F$27,0,IF($B$2="trigo",MAX(0,$K4-$F$2)*MAX(0,(1-(((20-MIN(20,$L4))^2)*(0.01*$F$8)))),IF($B$2="maiz",MAX(0,$K4-$F$3),IF($B$2="soja",MAX(0,MIN($K4,$F$4)-$F$3)*MIN(1,MAX(0,1-MAX(0,($L4-$F$17))*0.3)),0))))) -> 0 | R4: =IF(Q4="",R3,R3+Q4) -> 0 | S4: =IF($K4="","",IF($I4<$F$28,0,IF($B$2="trigo",MAX(0,$K4),IF($B$2="soja",MAX(0,MIN($K4,$F$4)-$F$3)*MIN(1,MAX(0,1-MAX(0,($L4-$F$19))*0.3)),0)))) -> 0 | T4: =IF(S4="",T3,T3+S4) -> 0 | U4: =IF($K4="","",IF(OR($I4<$F$27,$I4>$F$42),0,MAX(0,$K4-$F$37))) -> 0 | V4: =IF(U4="",V3,V3+U4) -> 0 | W4: =H4 -> 2 | X4: =IF($I4="","",IF($I4<$F$27,$F$38,IF($I4<=$F$42,$F$38+($F$39*$V4)/100,$F$38+($F$39*INDEX($V:$V,$F$42))/100))) -> 0.2 | Y4: =IF($I4="","",IF($I4<$F$27,0,IF($P4<=$F$6,$F$40,IF($P4>=$F$7,$F$41,$F$40+($F$41-$F$40)*($P4-$F$6)/($F$7-$F$6))))) -> 0
A5: dda_E | B5: =IFERROR(IF(($F$26+COUNTIFS($I$2:$I$501,">="&$F$26,$N$2:$N$501,"<"&$F$5))>548,"Datos insuficientes",INDEX(clima!$C:$C,$F$26+COUNTIFS($I$2:$I$501,">="&$F$26,$N$2:$N$501,"<"&$F$5))),"Sin datos") -> 169 | C5: fecha emergencia | E5: UT_S-E | F5: =SUMIFS(cultivo!$D:$D,cultivo!$A:$A,$B$2,cultivo!$C:$C,"UT_S-E") -> 150 | H5: =H4+1 -> 3 | I5: =$F$26+H5 -> 154 | J5: =IFERROR(INDEX(clima!$C:$C,$I5),"") -> 153 | K5: =IFERROR(INDEX(clima!$F:$F,$I5),"") -> 7.6 | L5: =IFERROR(INDEX(clima!$J:$J,$I5),"") -> 9.9613399 | M5: =IF($K5="","",MAX(0,(IF($B$2="soja",MIN($K5,$F$4),$K5))-$F$2)) -> 7.6 | N5: =IF(M5="",N4,N4+M5) -> 30.2 | O5: =IF($K5="","",IF($I5<$F$27,0,MAX(0,(IF($B$2="soja",MIN($K5,$F$4),$K5))-$F$3))) -> 0 | P5: =IF(O5="",P4,P4+O5) -> 0 | Q5: =IF($K5="","",IF($I5<$F$27,0,IF($B$2="trigo",MAX(0,$K5-$F$2)*MAX(0,(1-(((20-MIN(20,$L5))^2)*(0.01*$F$8)))),IF($B$2="maiz",MAX(0,$K5-$F$3),IF($B$2="soja",MAX(0,MIN($K5,$F$4)-$F$3)*MIN(1,MAX(0,1-MAX(0,($L5-$F$17))*0.3)),0))))) -> 0 | R5: =IF(Q5="",R4,R4+Q5) -> 0 | S5: =IF($K5="","",IF($I5<$F$28,0,IF($B$2="trigo",MAX(0,$K5),IF($B$2="soja",MAX(0,MIN($K5,$F$4)-$F$3)*MIN(1,MAX(0,1-MAX(0,($L5-$F$19))*0.3)),0)))) -> 0 | T5: =IF(S5="",T4,T4+S5) -> 0 | U5: =IF($K5="","",IF(OR($I5<$F$27,$I5>$F$42),0,MAX(0,$K5-$F$37))) -> 0 | V5: =IF(U5="",V4,V4+U5) -> 0 | W5: =H5 -> 3 | X5: =IF($I5="","",IF($I5<$F$27,$F$38,IF($I5<=$F$42,$F$38+($F$39*$V5)/100,$F$38+($F$39*INDEX($V:$V,$F$42))/100))) -> 0.2 | Y5: =IF($I5="","",IF($I5<$F$27,0,IF($P5<=$F$6,$F$40,IF($P5>=$F$7,$F$41,$F$40+($F$41-$F$40)*($P5-$F$6)/($F$7-$F$6))))) -> 0
A6: dda_fKcbIni | B6: =IFERROR(IF(($F$27+COUNTIFS($I$2:$I$501,">="&$F$27,$P$2:$P$501,"<"&$F$6))>548,"Datos insuficientes",INDEX(clima!$C:$C,$F$27+COUNTIFS($I$2:$I$501,">="&$F$27,$P$2:$P$501,"<"&$F$6))),"Sin datos") -> 203 | C6: fecha fin kcb inicial | E6: UT_E-fKcbIni | F6: =SUMIFS(cultivo!$D:$D,cultivo!$A:$A,$B$2,cultivo!$C:$C,"UT_E-fKcbIni") -> 300 | H6: =H5+1 -> 4 | I6: =$F$26+H6 -> 155 | J6: =IFERROR(INDEX(clima!$C:$C,$I6),"") -> 154 | K6: =IFERROR(INDEX(clima!$F:$F,$I6),"") -> 6.2 | L6: =IFERROR(INDEX(clima!$J:$J,$I6),"") -> 9.9479711 | M6: =IF($K6="","",MAX(0,(IF($B$2="soja",MIN($K6,$F$4),$K6))-$F$2)) -> 6.2 | N6: =IF(M6="",N5,N5+M6) -> 36.4 | O6: =IF($K6="","",IF($I6<$F$27,0,MAX(0,(IF($B$2="soja",MIN($K6,$F$4),$K6))-$F$3))) -> 0 | P6: =IF(O6="",P5,P5+O6) -> 0 | Q6: =IF($K6="","",IF($I6<$F$27,0,IF($B$2="trigo",MAX(0,$K6-$F$2)*MAX(0,(1-(((20-MIN(20,$L6))^2)*(0.01*$F$8)))),IF($B$2="maiz",MAX(0,$K6-$F$3),IF($B$2="soja",MAX(0,MIN($K6,$F$4)-$F$3)*MIN(1,MAX(0,1-MAX(0,($L6-$F$17))*0.3)),0))))) -> 0 | R6: =IF(Q6="",R5,R5+Q6) -> 0 | S6: =IF($K6="","",IF($I6<$F$28,0,IF($B$2="trigo",MAX(0,$K6),IF($B$2="soja",MAX(0,MIN($K6,$F$4)-$F$3)*MIN(1,MAX(0,1-MAX(0,($L6-$F$19))*0.3)),0)))) -> 0 | T6: =IF(S6="",T5,T5+S6) -> 0 | U6: =IF($K6="","",IF(OR($I6<$F$27,$I6>$F$42),0,MAX(0,$K6-$F$37))) -> 0 | V6: =IF(U6="",V5,V5+U6) -> 0 | W6: =H6 -> 4 | X6: =IF($I6="","",IF($I6<$F$27,$F$38,IF($I6<=$F$42,$F$38+($F$39*$V6)/100,$F$38+($F$39*INDEX($V:$V,$F$42))/100))) -> 0.2 | Y6: =IF($I6="","",IF($I6<$F$27,0,IF($P6<=$F$6,$F$40,IF($P6>=$F$7,$F$41,$F$40+($F$41-$F$40)*($P6-$F$6)/($F$7-$F$6))))) -> 0
A7: dda_iKcbMax | B7: =IFERROR(IF(($F$27+COUNTIFS($I$2:$I$501,">="&$F$27,$P$2:$P$501,"<"&$F$7))>548,"Datos insuficientes",INDEX(clima!$C:$C,$F$27+COUNTIFS($I$2:$I$501,">="&$F$27,$P$2:$P$501,"<"&$F$7))),"Sin datos") -> 267 | C7: fecha inicio kcb máximo | E7: UT_E-iKcbMax | F7: =SUMIFS(cultivo!$D:$D,cultivo!$A:$A,$B$2,cultivo!$C:$C,"UT_E-iKcbMax") -> 1000 | H7: =H6+1 -> 5 | I7: =$F$26+H7 -> 156 | J7: =IFERROR(INDEX(clima!$C:$C,$I7),"") -> 155 | K7: =IFERROR(INDEX(clima!$F:$F,$I7),"") -> 4.3 | L7: =IFERROR(INDEX(clima!$J:$J,$I7),"") -> 9.9352637 | M7: =IF($K7="","",MAX(0,(IF($B$2="soja",MIN($K7,$F$4),$K7))-$F$2)) -> 4.3 | N7: =IF(M7="",N6,N6+M7) -> 40.7 | O7: =IF($K7="","",IF($I7<$F$27,0,MAX(0,(IF($B$2="soja",MIN($K7,$F$4),$K7))-$F$3))) -> 0 | P7: =IF(O7="",P6,P6+O7) -> 0 | Q7: =IF($K7="","",IF($I7<$F$27,0,IF($B$2="trigo",MAX(0,$K7-$F$2)*MAX(0,(1-(((20-MIN(20,$L7))^2)*(0.01*$F$8)))),IF($B$2="maiz",MAX(0,$K7-$F$3),IF($B$2="soja",MAX(0,MIN($K7,$F$4)-$F$3)*MIN(1,MAX(0,1-MAX(0,($L7-$F$17))*0.3)),0))))) -> 0 | R7: =IF(Q7="",R6,R6+Q7) -> 0 | S7: =IF($K7="","",IF($I7<$F$28,0,IF($B$2="trigo",MAX(0,$K7),IF($B$2="soja",MAX(0,MIN($K7,$F$4)-$F$3)*MIN(1,MAX(0,1-MAX(0,($L7-$F$19))*0.3)),0)))) -> 0 | T7: =IF(S7="",T6,T6+S7) -> 0 | U7: =IF($K7="","",IF(OR($I7<$F$27,$I7>$F$42),0,MAX(0,$K7-$F$37))) -> 0 | V7: =IF(U7="",V6,V6+U7) -> 0 | W7: =H7 -> 5 | X7: =IF($I7="","",IF($I7<$F$27,$F$38,IF($I7<=$F$42,$F$38+($F$39*$V7)/100,$F$38+($F$39*INDEX($V:$V,$F$42))/100))) -> 0.2 | Y7: =IF($I7="","",IF($I7<$F$27,0,IF($P7<=$F$6,$F$40,IF($P7>=$F$7,$F$41,$F$40+($F$41-$F$40)*($P7-$F$6)/($F$7-$F$6))))) -> 0
A8: dda_ET | B8: =IF($B$2<>"trigo","",IFERROR(IF($F$28>548,"Datos insuficientes",INDEX(clima!$C:$C,$F$28)),"Sin datos")) -> 281 | C8: fecha espiguilla terminal (trigo) | E8: RCF (trigo) | F8: =IF($B$2="trigo",SUMIFS(cultivo!$D:$D,cultivo!$A:$A,"trigo",cultivo!$B:$B,$B$3,cultivo!$C:$C,"RCF"),"") -> 0.85 | H8: =H7+1 -> 6 | I8: =$F$26+H8 -> 157 | J8: =IFERROR(INDEX(clima!$C:$C,$I8),"") -> 156 | K8: =IFERROR(INDEX(clima!$F:$F,$I8),"") -> 4 | L8: =IFERROR(INDEX(clima!$J:$J,$I8),"") -> 9.9232257 | M8: =IF($K8="","",MAX(0,(IF($B$2="soja",MIN($K8,$F$4),$K8))-$F$2)) -> 4 | N8: =IF(M8="",N7,N7+M8) -> 44.7 | O8: =IF($K8="","",IF($I8<$F$27,0,MAX(0,(IF($B$2="soja",MIN($K8,$F$4),$K8))-$F$3))) -> 0 | P8: =IF(O8="",P7,P7+O8) -> 0 | Q8: =IF($K8="","",IF($I8<$F$27,0,IF($B$2="trigo",MAX(0,$K8-$F$2)*MAX(0,(1-(((20-MIN(20,$L8))^2)*(0.01*$F$8)))),IF($B$2="maiz",MAX(0,$K8-$F$3),IF($B$2="soja",MAX(0,MIN($K8,$F$4)-$F$3)*MIN(1,MAX(0,1-MAX(0,($L8-$F$17))*0.3)),0))))) -> 0 | R8: =IF(Q8="",R7,R7+Q8) -> 0 | S8: =IF($K8="","",IF($I8<$F$28,0,IF($B$2="trigo",MAX(0,$K8),IF($B$2="soja",MAX(0,MIN($K8,$F$4)-$F$3)*MIN(1,MAX(0,1-MAX(0,($L8-$F$19))*0.3)),0)))) -> 0 | T8: =IF(S8="",T7,T7+S8) -> 0 | U8: =IF($K8="","",IF(OR($I8<$F$27,$I8>$F$42),0,MAX(0,$K8-$F$37))) -> 0 | V8: =IF(U8="",V7,V7+U8) -> 0 | W8: =H8 -> 6 | X8: =IF($I8="","",IF($I8<$F$27,$F$38,IF($I8<=$F$42,$F$38+($F$39*$V8)/100,$F$38+($F$39*INDEX($V:$V,$F$42))/100))) -> 0.2 | Y8: =IF($I8="","",IF($I8<$F$27,0,IF($P8<=$F$6,$F$40,IF($P8>=$F$7,$F$41,$F$40+($F$41-$F$40)*($P8-$F$6)/($F$7-$F$6))))) -> 0
A9: dda_R1 | B9: =IF($B$2<>"soja","",IFERROR(IF($F$28>548,"Datos insuficientes",INDEX(clima!$C:$C,$F$28)),"Sin datos")) | C9: fecha R1 (soja) | E9: UT_E-ET (trigo) | F9: =IF($B$2="trigo",SUMIFS(cultivo!$D:$D,cultivo!$A:$A,"trigo",cultivo!$C:$C,"UT_E-ET"),"") -> 400 | H9: =H8+1 -> 7 | I9: =$F$26+H9 -> 158 | J9: =IFERROR(INDEX(clima!$C:$C,$I9),"") -> 157 | K9: =IFERROR(INDEX(clima!$F:$F,$I9),"") -> 7 | L9: =IFERROR(INDEX(clima!$J:$J,$I9),"") -> 9.911865 | M9: =IF($K9="","",MAX(0,(IF($B$2="soja",MIN($K9,$F$4),$K9))-$F$2)) -> 7 | N9: =IF(M9="",N8,N8+M9) -> 51.7 | O9: =IF($K9="","",IF($I9<$F$27,0,MAX(0,(IF($B$2="soja",MIN($K9,$F$4),$K9))-$F$3))) -> 0 | P9: =IF(O9="",P8,P8+O9) -> 0 | Q9: =IF($K9="","",IF($I9<$F$27,0,IF($B$2="trigo",MAX(0,$K9-$F$2)*MAX(0,(1-(((20-MIN(20,$L9))^2)*(0.01*$F$8)))),IF($B$2="maiz",MAX(0,$K9-$F$3),IF($B$2="soja",MAX(0,MIN($K9,$F$4)-$F$3)*MIN(1,MAX(0,1-MAX(0,($L9-$F$17))*0.3)),0))))) -> 0 | R9: =IF(Q9="",R8,R8+Q9) -> 0 | S9: =IF($K9="","",IF($I9<$F$28,0,IF($B$2="trigo",MAX(0,$K9),IF($B$2="soja",MAX(0,MIN($K9,$F$4)-$F$3)*MIN(1,MAX(0,1-MAX(0,($L9-$F$19))*0.3)),0)))) -> 0 | T9: =IF(S9="",T8,T8+S9) -> 0 | U9: =IF($K9="","",IF(OR($I9<$F$27,$I9>$F$42),0,MAX(0,$K9-$F$37))) -> 0 | V9: =IF(U9="",V8,V8+U9) -> 0 | W9: =H9 -> 7 | X9: =IF($I9="","",IF($I9<$F$27,$F$38,IF($I9<=$F$42,$F$38+($F$39*$V9)/100,$F$38+($F$39*INDEX($V:$V,$F$42))/100))) -> 0.2 | Y9: =IF($I9="","",IF($I9<$F$27,0,IF($P9<=$F$6,$F$40,IF($P9>=$F$7,$F$41,$F$40+($F$41-$F$40)*($P9-$F$6)/($F$7-$F$6))))) -> 0
A10: dda_R2 | B10: =IF($B$2<>"maiz","",IFERROR(IF($F$28>548,"Datos insuficientes",INDEX(clima!$C:$C,$F$28)),"Sin datos")) | C10: fecha R2 (maíz) | E10: UT_ET-iPC (trigo) | F10: =IF($B$2="trigo",SUMIFS(cultivo!$D:$D,cultivo!$A:$A,"trigo",cultivo!$C:$C,"UT_ET-iPC"),"") -> 100 | H10: =H9+1 -> 8 | I10: =$F$26+H10 -> 159 | J10: =IFERROR(INDEX(clima!$C:$C,$I10),"") -> 158 | K10: =IFERROR(INDEX(clima!$F:$F,$I10),"") -> 7.1 | L10: =IFERROR(INDEX(clima!$J:$J,$I10),"") -> 9.901189 | M10: =IF($K10="","",MAX(0,(IF($B$2="soja",MIN($K10,$F$4),$K10))-$F$2)) -> 7.1 | N10: =IF(M10="",N9,N9+M10) -> 58.8 | O10: =IF($K10="","",IF($I10<$F$27,0,MAX(0,(IF($B$2="soja",MIN($K10,$F$4),$K10))-$F$3))) -> 0 | P10: =IF(O10="",P9,P9+O10) -> 0 | Q10: =IF($K10="","",IF($I10<$F$27,0,IF($B$2="trigo",MAX(0,$K10-$F$2)*MAX(0,(1-(((20-MIN(20,$L10))^2)*(0.01*$F$8)))),IF($B$2="maiz",MAX(0,$K10-$F$3),IF($B$2="soja",MAX(0,MIN($K10,$F$4)-$F$3)*MIN(1,MAX(0,1-MAX(0,($L10-$F$17))*0.3)),0))))) -> 0 | R10: =IF(Q10="",R9,R9+Q10) -> 0 | S10: =IF($K10="","",IF($I10<$F$28,0,IF($B$2="trigo",MAX(0,$K10),IF($B$2="soja",MAX(0,MIN($K10,$F$4)-$F$3)*MIN(1,MAX(0,1-MAX(0,($L10-$F$19))*0.3)),0)))) -> 0 | T10: =IF(S10="",T9,T9+S10) -> 0 | U10: =IF($K10="","",IF(OR($I10<$F$27,$I10>$F$42),0,MAX(0,$K10-$F$37))) -> 0 | V10: =IF(U10="",V9,V9+U10) -> 0 | W10: =H10 -> 8 | X10: =IF($I10="","",IF($I10<$F$27,$F$38,IF($I10<=$F$42,$F$38+($F$39*$V10)/100,$F$38+($F$39*INDEX($V:$V,$F$42))/100))) -> 0.2 | Y10: =IF($I10="","",IF($I10<$F$27,0,IF($P10<=$F$6,$F$40,IF($P10>=$F$7,$F$41,$F$40+($F$41-$F$40)*($P10-$F$6)/($F$7-$F$6))))) -> 0
A11: dda_R5 | B11: =IF($B$2<>"soja","",IFERROR(IF(($F$28+COUNTIFS($I$2:$I$501,">="&$F$28,$T$2:$T$501,"<"&$F$20))>548,"Datos insuficientes",INDEX(clima!$C:$C,$F$28+COUNTIFS($I$2:$I$501,">="&$F$28,$T$2:$T$501,"<"&$F$20))),"Sin datos")) | C11: fecha R5 (soja) | E11: UT_ET-fPC (trigo) | F11: =IF($B$2="trigo",SUMIFS(cultivo!$D:$D,cultivo!$A:$A,"trigo",cultivo!$C:$C,"UT_ET-fPC"),"") -> 800 | H11: =H10+1 -> 9 | I11: =$F$26+H11 -> 160 | J11: =IFERROR(INDEX(clima!$C:$C,$I11),"") -> 159 | K11: =IFERROR(INDEX(clima!$F:$F,$I11),"") -> 7.1 | L11: =IFERROR(INDEX(clima!$J:$J,$I11),"") -> 9.8912045 | M11: =IF($K11="","",MAX(0,(IF($B$2="soja",MIN($K11,$F$4),$K11))-$F$2)) -> 7.1 | N11: =IF(M11="",N10,N10+M11) -> 65.9 | O11: =IF($K11="","",IF($I11<$F$27,0,MAX(0,(IF($B$2="soja",MIN($K11,$F$4),$K11))-$F$3))) -> 0 | P11: =IF(O11="",P10,P10+O11) -> 0 | Q11: =IF($K11="","",IF($I11<$F$27,0,IF($B$2="trigo",MAX(0,$K11-$F$2)*MAX(0,(1-(((20-MIN(20,$L11))^2)*(0.01*$F$8)))),IF($B$2="maiz",MAX(0,$K11-$F$3),IF($B$2="soja",MAX(0,MIN($K11,$F$4)-$F$3)*MIN(1,MAX(0,1-MAX(0,($L11-$F$17))*0.3)),0))))) -> 0 | R11: =IF(Q11="",R10,R10+Q11) -> 0 | S11: =IF($K11="","",IF($I11<$F$28,0,IF($B$2="trigo",MAX(0,$K11),IF($B$2="soja",MAX(0,MIN($K11,$F$4)-$F$3)*MIN(1,MAX(0,1-MAX(0,($L11-$F$19))*0.3)),0)))) -> 0 | T11: =IF(S11="",T10,T10+S11) -> 0 | U11: =IF($K11="","",IF(OR($I11<$F$27,$I11>$F$42),0,MAX(0,$K11-$F$37))) -> 0 | V11: =IF(U11="",V10,V10+U11) -> 0 | W11: =H11 -> 9 | X11: =IF($I11="","",IF($I11<$F$27,$F$38,IF($I11<=$F$42,$F$38+($F$39*$V11)/100,$F$38+($F$39*INDEX($V:$V,$F$42))/100))) -> 0.2 | Y11: =IF($I11="","",IF($I11<$F$27,0,IF($P11<=$F$6,$F$40,IF($P11>=$F$7,$F$41,$F$40+($F$41-$F$40)*($P11-$F$6)/($F$7-$F$6))))) -> 0
A12: dda_iPC | B12: =IFERROR(IF($B$2="trigo",IF(($F$28+COUNTIFS($I$2:$I$501,">="&$F$28,$T$2:$T$501,"<"&$F$10))>548,"Datos insuficientes",INDEX(clima!$C:$C,$F$28+COUNTIFS($I$2:$I$501,">="&$F$28,$T$2:$T$501,"<"&$F$10))),IF($B$2="maiz",IF(($F$27+COUNTIFS($I$2:$I$501,">="&$F$27,$P$2:$P$501,"<"&$F$14))>548,"Datos insuficientes",INDEX(clima!$C:$C,$F$27+COUNTIFS($I$2:$I$501,">="&$F$27,$P$2:$P$501,"<"&$F$14))),IF($B$2="soja",IF(($F$28+COUNTIFS($I$2:$I$501,">="&$F$28,$T$2:$T$501,"<"&$F$22))>548,"Datos insuficientes",INDEX(clima!$C:$C,$F$28+COUNTIFS($I$2:$I$501,">="&$F$28,$T$2:$T$501,"<"&$F$22))),""))),"Sin datos") -> 286 | C12: fecha inicio período crítico | E12: UT_fPC-MF (trigo) | F12: =IF($B$2="trigo",SUMIFS(cultivo!$D:$D,cultivo!$A:$A,"trigo",cultivo!$C:$C,"UT_fPC-MF"),"") -> 400 | H12: =H11+1 -> 10 | I12: =$F$26+H12 -> 161 | J12: =IFERROR(INDEX(clima!$C:$C,$I12),"") -> 160 | K12: =IFERROR(INDEX(clima!$F:$F,$I12),"") -> 7.6 | L12: =IFERROR(INDEX(clima!$J:$J,$I12),"") -> 9.8819182 | M12: =IF($K12="","",MAX(0,(IF($B$2="soja",MIN($K12,$F$4),$K12))-$F$2)) -> 7.6 | N12: =IF(M12="",N11,N11+M12) -> 73.5 | O12: =IF($K12="","",IF($I12<$F$27,0,MAX(0,(IF($B$2="soja",MIN($K12,$F$4),$K12))-$F$3))) -> 0 | P12: =IF(O12="",P11,P11+O12) -> 0 | Q12: =IF($K12="","",IF($I12<$F$27,0,IF($B$2="trigo",MAX(0,$K12-$F$2)*MAX(0,(1-(((20-MIN(20,$L12))^2)*(0.01*$F$8)))),IF($B$2="maiz",MAX(0,$K12-$F$3),IF($B$2="soja",MAX(0,MIN($K12,$F$4)-$F$3)*MIN(1,MAX(0,1-MAX(0,($L12-$F$17))*0.3)),0))))) -> 0 | R12: =IF(Q12="",R11,R11+Q12) -> 0 | S12: =IF($K12="","",IF($I12<$F$28,0,IF($B$2="trigo",MAX(0,$K12),IF($B$2="soja",MAX(0,MIN($K12,$F$4)-$F$3)*MIN(1,MAX(0,1-MAX(0,($L12-$F$19))*0.3)),0)))) -> 0 | T12: =IF(S12="",T11,T11+S12) -> 0 | U12: =IF($K12="","",IF(OR($I12<$F$27,$I12>$F$42),0,MAX(0,$K12-$F$37))) -> 0 | V12: =IF(U12="",V11,V11+U12) -> 0 | W12: =H12 -> 10 | X12: =IF($I12="","",IF($I12<$F$27,$F$38,IF($I12<=$F$42,$F$38+($F$39*$V12)/100,$F$38+($F$39*INDEX($V:$V,$F$42))/100))) -> 0.2 | Y12: =IF($I12="","",IF($I12<$F$27,0,IF($P12<=$F$6,$F$40,IF($P12>=$F$7,$F$41,$F$40+($F$41-$F$40)*($P12-$F$6)/($F$7-$F$6))))) -> 0
A13: dda_fPC | B13: =IFERROR(IF($B$2="trigo",IF(($F$28+COUNTIFS($I$2:$I$501,">="&$F$28,$T$2:$T$501,"<"&$F$11))>548,"Datos insuficientes",INDEX(clima!$C:$C,$F$28+COUNTIFS($I$2:$I$501,">="&$F$28,$T$2:$T$501,"<"&$F$11))),IF($B$2="maiz",IF(($F$27+COUNTIFS($I$2:$I$501,">="&$F$27,$P$2:$P$501,"<"&$F$15))>548,"Datos insuficientes",INDEX(clima!$C:$C,$F$27+COUNTIFS($I$2:$I$501,">="&$F$27,$P$2:$P$501,"<"&$F$15))),IF($B$2="soja",IF(($F$28+COUNTIFS($I$2:$I$501,">="&$F$28,$T$2:$T$501,"<"&($F$20+$F$23)))>548,"Datos insuficientes",INDEX(clima!$C:$C,$F$28+COUNTIFS($I$2:$I$501,">="&$F$28,$T$2:$T$501,"<"&($F$20+$F$23)))),""))),"Sin datos") -> 322 | C13: fecha fin período crítico | E13: UT_E-R2 (maiz) | F13: =IF($B$2="maiz",SUMIFS(cultivo!$D:$D,cultivo!$A:$A,"maiz",cultivo!$B:$B,$B$3,cultivo!$C:$C,"UT_E-R2"),"") | H13: =H12+1 -> 11 | I13: =$F$26+H13 -> 162 | J13: =IFERROR(INDEX(clima!$C:$C,$I13),"") -> 161 | K13: =IFERROR(INDEX(clima!$F:$F,$I13),"") -> 4.5 | L13: =IFERROR(INDEX(clima!$J:$J,$I13),"") -> 9.8733364 | M13: =IF($K13="","",MAX(0,(IF($B$2="soja",MIN($K13,$F$4),$K13))-$F$2)) -> 4.5 | N13: =IF(M13="",N12,N12+M13) -> 78 | O13: =IF($K13="","",IF($I13<$F$27,0,MAX(0,(IF($B$2="soja",MIN($K13,$F$4),$K13))-$F$3))) -> 0 | P13: =IF(O13="",P12,P12+O13) -> 0 | Q13: =IF($K13="","",IF($I13<$F$27,0,IF($B$2="trigo",MAX(0,$K13-$F$2)*MAX(0,(1-(((20-MIN(20,$L13))^2)*(0.01*$F$8)))),IF($B$2="maiz",MAX(0,$K13-$F$3),IF($B$2="soja",MAX(0,MIN($K13,$F$4)-$F$3)*MIN(1,MAX(0,1-MAX(0,($L13-$F$17))*0.3)),0))))) -> 0 | R13: =IF(Q13="",R12,R12+Q13) -> 0 | S13: =IF($K13="","",IF($I13<$F$28,0,IF($B$2="trigo",MAX(0,$K13),IF($B$2="soja",MAX(0,MIN($K13,$F$4)-$F$3)*MIN(1,MAX(0,1-MAX(0,($L13-$F$19))*0.3)),0)))) -> 0 | T13: =IF(S13="",T12,T12+S13) -> 0 | U13: =IF($K13="","",IF(OR($I13<$F$27,$I13>$F$42),0,MAX(0,$K13-$F$37))) -> 0 | V13: =IF(U13="",V12,V12+U13) -> 0 | W13: =H13 -> 11 | X13: =IF($I13="","",IF($I13<$F$27,$F$38,IF($I13<=$F$42,$F$38+($F$39*$V13)/100,$F$38+($F$39*INDEX($V:$V,$F$42))/100))) -> 0.2 | Y13: =IF($I13="","",IF($I13<$F$27,0,IF($P13<=$F$6,$F$40,IF($P13>=$F$7,$F$41,$F$40+($F$41-$F$40)*($P13-$F$6)/($F$7-$F$6))))) -> 0
A14: dda_MF | B14: =IFERROR(IF($B$2="trigo",IF(($F$28+COUNTIFS($I$2:$I$501,">="&$F$28,$T$2:$T$501,"<"&($F$11+$F$12)))>548,"Datos insuficientes",INDEX(clima!$C:$C,$F$28+COUNTIFS($I$2:$I$501,">="&$F$28,$T$2:$T$501,"<"&($F$11+$F$12)))),IF($B$2="maiz",IF(($F$27+COUNTIFS($I$2:$I$501,">="&$F$27,$P$2:$P$501,"<"&($F$13+$F$16)))>548,"Datos insuficientes",INDEX(clima!$C:$C,$F$27+COUNTIFS($I$2:$I$501,">="&$F$27,$P$2:$P$501,"<"&($F$13+$F$16)))),IF($B$2="soja",IF(($F$28+COUNTIFS($I$2:$I$501,">="&$F$28,$T$2:$T$501,"<"&($F$20+$F$21)))>548,"Datos insuficientes",INDEX(clima!$C:$C,$F$28+COUNTIFS($I$2:$I$501,">="&$F$28,$T$2:$T$501,"<"&($F$20+$F$21)))),""))),"Sin datos") -> 340 | C14: fecha madurez fisiológica | E14: UT_E-iPC (maiz) | F14: =IF($B$2="maiz",SUMIFS(cultivo!$D:$D,cultivo!$A:$A,"maiz",cultivo!$B:$B,$B$3,cultivo!$C:$C,"UT_E-iPC"),"") | H14: =H13+1 -> 12 | I14: =$F$26+H14 -> 163 | J14: =IFERROR(INDEX(clima!$C:$C,$I14),"") -> 162 | K14: =IFERROR(INDEX(clima!$F:$F,$I14),"") -> 6.7 | L14: =IFERROR(INDEX(clima!$J:$J,$I14),"") -> 9.8654647 | M14: =IF($K14="","",MAX(0,(IF($B$2="soja",MIN($K14,$F$4),$K14))-$F$2)) -> 6.7 | N14: =IF(M14="",N13,N13+M14) -> 84.7 | O14: =IF($K14="","",IF($I14<$F$27,0,MAX(0,(IF($B$2="soja",MIN($K14,$F$4),$K14))-$F$3))) -> 0 | P14: =IF(O14="",P13,P13+O14) -> 0 | Q14: =IF($K14="","",IF($I14<$F$27,0,IF($B$2="trigo",MAX(0,$K14-$F$2)*MAX(0,(1-(((20-MIN(20,$L14))^2)*(0.01*$F$8)))),IF($B$2="maiz",MAX(0,$K14-$F$3),IF($B$2="soja",MAX(0,MIN($K14,$F$4)-$F$3)*MIN(1,MAX(0,1-MAX(0,($L14-$F$17))*0.3)),0))))) -> 0 | R14: =IF(Q14="",R13,R13+Q14) -> 0 | S14: =IF($K14="","",IF($I14<$F$28,0,IF($B$2="trigo",MAX(0,$K14),IF($B$2="soja",MAX(0,MIN($K14,$F$4)-$F$3)*MIN(1,MAX(0,1-MAX(0,($L14-$F$19))*0.3)),0)))) -> 0 | T14: =IF(S14="",T13,T13+S14) -> 0 | U14: =IF($K14="","",IF(OR($I14<$F$27,$I14>$F$42),0,MAX(0,$K14-$F$37))) -> 0 | V14: =IF(U14="",V13,V13+U14) -> 0 | W14: =H14 -> 12 | X14: =IF($I14="","",IF($I14<$F$27,$F$38,IF($I14<=$F$42,$F$38+($F$39*$V14)/100,$F$38+($F$39*INDEX($V:$V,$F$42))/100))) -> 0.2 | Y14: =IF($I14="","",IF($I14<$F$27,0,IF($P14<=$F$6,$F$40,IF($P14>=$F$7,$F$41,$F$40+($F$41-$F$40)*($P14-$F$6)/($F$7-$F$6))))) -> 0
A15: dda_Z71 | B15: =IF($B$2<>"trigo","",IFERROR(IF(($F$28+COUNTIFS($I$2:$I$501,">="&$F$28,$T$2:$T$501,"<"&$F$43))>548,"Datos insuficientes",INDEX(clima!$C:$C,$F$28+COUNTIFS($I$2:$I$501,">="&$F$28,$T$2:$T$501,"<"&$F$43))),"Sin datos")) -> 317 | C15: fecha cuaje de granos Z71 (trigo) | E15: UT_E-fPC (maiz) | F15: =IF($B$2="maiz",SUMIFS(cultivo!$D:$D,cultivo!$A:$A,"maiz",cultivo!$B:$B,$B$3,cultivo!$C:$C,"UT_E-fPC"),"") | H15: =H14+1 -> 13 | I15: =$F$26+H15 -> 164 | J15: =IFERROR(INDEX(clima!$C:$C,$I15),"") -> 163 | K15: =IFERROR(INDEX(clima!$F:$F,$I15),"") -> 7.3 | L15: =IFERROR(INDEX(clima!$J:$J,$I15),"") -> 9.8583084 | M15: =IF($K15="","",MAX(0,(IF($B$2="soja",MIN($K15,$F$4),$K15))-$F$2)) -> 7.3 | N15: =IF(M15="",N14,N14+M15) -> 92 | O15: =IF($K15="","",IF($I15<$F$27,0,MAX(0,(IF($B$2="soja",MIN($K15,$F$4),$K15))-$F$3))) -> 0 | P15: =IF(O15="",P14,P14+O15) -> 0 | Q15: =IF($K15="","",IF($I15<$F$27,0,IF($B$2="trigo",MAX(0,$K15-$F$2)*MAX(0,(1-(((20-MIN(20,$L15))^2)*(0.01*$F$8)))),IF($B$2="maiz",MAX(0,$K15-$F$3),IF($B$2="soja",MAX(0,MIN($K15,$F$4)-$F$3)*MIN(1,MAX(0,1-MAX(0,($L15-$F$17))*0.3)),0))))) -> 0 | R15: =IF(Q15="",R14,R14+Q15) -> 0 | S15: =IF($K15="","",IF($I15<$F$28,0,IF($B$2="trigo",MAX(0,$K15),IF($B$2="soja",MAX(0,MIN($K15,$F$4)-$F$3)*MIN(1,MAX(0,1-MAX(0,($L15-$F$19))*0.3)),0)))) -> 0 | T15: =IF(S15="",T14,T14+S15) -> 0 | U15: =IF($K15="","",IF(OR($I15<$F$27,$I15>$F$42),0,MAX(0,$K15-$F$37))) -> 0 | V15: =IF(U15="",V14,V14+U15) -> 0 | W15: =H15 -> 13 | X15: =IF($I15="","",IF($I15<$F$27,$F$38,IF($I15<=$F$42,$F$38+($F$39*$V15)/100,$F$38+($F$39*INDEX($V:$V,$F$42))/100))) -> 0.2 | Y15: =IF($I15="","",IF($I15<$F$27,0,IF($P15<=$F$6,$F$40,IF($P15>=$F$7,$F$41,$F$40+($F$41-$F$40)*($P15-$F$6)/($F$7-$F$6))))) -> 0
E16: UT_R2-MF (maiz) | F16: =IF($B$2="maiz",SUMIFS(cultivo!$D:$D,cultivo!$A:$A,"maiz",cultivo!$B:$B,$B$3,cultivo!$C:$C,"UT_R2-MF"),"") | H16: =H15+1 -> 14 | I16: =$F$26+H16 -> 165 | J16: =IFERROR(INDEX(clima!$C:$C,$I16),"") -> 164 | K16: =IFERROR(INDEX(clima!$F:$F,$I16),"") -> 8.6 | L16: =IFERROR(INDEX(clima!$J:$J,$I16),"") -> 9.8518724 | M16: =IF($K16="","",MAX(0,(IF($B$2="soja",MIN($K16,$F$4),$K16))-$F$2)) -> 8.6 | N16: =IF(M16="",N15,N15+M16) -> 100.6 | O16: =IF($K16="","",IF($I16<$F$27,0,MAX(0,(IF($B$2="soja",MIN($K16,$F$4),$K16))-$F$3))) -> 0 | P16: =IF(O16="",P15,P15+O16) -> 0 | Q16: =IF($K16="","",IF($I16<$F$27,0,IF($B$2="trigo",MAX(0,$K16-$F$2)*MAX(0,(1-(((20-MIN(20,$L16))^2)*(0.01*$F$8)))),IF($B$2="maiz",MAX(0,$K16-$F$3),IF($B$2="soja",MAX(0,MIN($K16,$F$4)-$F$3)*MIN(1,MAX(0,1-MAX(0,($L16-$F$17))*0.3)),0))))) -> 0 | R16: =IF(Q16="",R15,R15+Q16) -> 0 | S16: =IF($K16="","",IF($I16<$F$28,0,IF($B$2="trigo",MAX(0,$K16),IF($B$2="soja",MAX(0,MIN($K16,$F$4)-$F$3)*MIN(1,MAX(0,1-MAX(0,($L16-$F$19))*0.3)),0)))) -> 0 | T16: =IF(S16="",T15,T15+S16) -> 0 | U16: =IF($K16="","",IF(OR($I16<$F$27,$I16>$F$42),0,MAX(0,$K16-$F$37))) -> 0 | V16: =IF(U16="",V15,V15+U16) -> 0 | W16: =H16 -> 14 | X16: =IF($I16="","",IF($I16<$F$27,$F$38,IF($I16<=$F$42,$F$38+($F$39*$V16)/100,$F$38+($F$39*INDEX($V:$V,$F$42))/100))) -> 0.2 | Y16: =IF($I16="","",IF($I16<$F$27,0,IF($P16<=$F$6,$F$40,IF($P16>=$F$7,$F$41,$F$40+($F$41-$F$40)*($P16-$F$6)/($F$7-$F$6))))) -> 0
E17: FpU_E-R1 (soja) | F17: =IF($B$2="soja",SUMIFS(cultivo!$D:$D,cultivo!$A:$A,"soja",cultivo!$B:$B,$B$3,cultivo!$C:$C,"FpU_E-R1"),"") | H17: =H16+1 -> 15 | I17: =$F$26+H17 -> 166 | J17: =IFERROR(INDEX(clima!$C:$C,$I17),"") -> 165 | K17: =IFERROR(INDEX(clima!$F:$F,$I17),"") -> 7.9 | L17: =IFERROR(INDEX(clima!$J:$J,$I17),"") -> 9.8461612 | M17: =IF($K17="","",MAX(0,(IF($B$2="soja",MIN($K17,$F$4),$K17))-$F$2)) -> 7.9 | N17: =IF(M17="",N16,N16+M17) -> 108.5 | O17: =IF($K17="","",IF($I17<$F$27,0,MAX(0,(IF($B$2="soja",MIN($K17,$F$4),$K17))-$F$3))) -> 0 | P17: =IF(O17="",P16,P16+O17) -> 0 | Q17: =IF($K17="","",IF($I17<$F$27,0,IF($B$2="trigo",MAX(0,$K17-$F$2)*MAX(0,(1-(((20-MIN(20,$L17))^2)*(0.01*$F$8)))),IF($B$2="maiz",MAX(0,$K17-$F$3),IF($B$2="soja",MAX(0,MIN($K17,$F$4)-$F$3)*MIN(1,MAX(0,1-MAX(0,($L17-$F$17))*0.3)),0))))) -> 0 | R17: =IF(Q17="",R16,R16+Q17) -> 0 | S17: =IF($K17="","",IF($I17<$F$28,0,IF($B$2="trigo",MAX(0,$K17),IF($B$2="soja",MAX(0,MIN($K17,$F$4)-$F$3)*MIN(1,MAX(0,1-MAX(0,($L17-$F$19))*0.3)),0)))) -> 0 | T17: =IF(S17="",T16,T16+S17) -> 0 | U17: =IF($K17="","",IF(OR($I17<$F$27,$I17>$F$42),0,MAX(0,$K17-$F$37))) -> 0 | V17: =IF(U17="",V16,V16+U17) -> 0 | W17: =H17 -> 15 | X17: =IF($I17="","",IF($I17<$F$27,$F$38,IF($I17<=$F$42,$F$38+($F$39*$V17)/100,$F$38+($F$39*INDEX($V:$V,$F$42))/100))) -> 0.2 | Y17: =IF($I17="","",IF($I17<$F$27,0,IF($P17<=$F$6,$F$40,IF($P17>=$F$7,$F$41,$F$40+($F$41-$F$40)*($P17-$F$6)/($F$7-$F$6))))) -> 0
E18: UT_E-R1 (soja) | F18: =IF($B$2="soja",SUMIFS(cultivo!$D:$D,cultivo!$A:$A,"soja",cultivo!$C:$C,"UT_E-R1"),"") | H18: =H17+1 -> 16 | I18: =$F$26+H18 -> 167 | J18: =IFERROR(INDEX(clima!$C:$C,$I18),"") -> 166 | K18: =IFERROR(INDEX(clima!$F:$F,$I18),"") -> 6.1 | L18: =IFERROR(INDEX(clima!$J:$J,$I18),"") -> 9.8411785 | M18: =IF($K18="","",MAX(0,(IF($B$2="soja",MIN($K18,$F$4),$K18))-$F$2)) -> 6.1 | N18: =IF(M18="",N17,N17+M18) -> 114.6 | O18: =IF($K18="","",IF($I18<$F$27,0,MAX(0,(IF($B$2="soja",MIN($K18,$F$4),$K18))-$F$3))) -> 0 | P18: =IF(O18="",P17,P17+O18) -> 0 | Q18: =IF($K18="","",IF($I18<$F$27,0,IF($B$2="trigo",MAX(0,$K18-$F$2)*MAX(0,(1-(((20-MIN(20,$L18))^2)*(0.01*$F$8)))),IF($B$2="maiz",MAX(0,$K18-$F$3),IF($B$2="soja",MAX(0,MIN($K18,$F$4)-$F$3)*MIN(1,MAX(0,1-MAX(0,($L18-$F$17))*0.3)),0))))) -> 0 | R18: =IF(Q18="",R17,R17+Q18) -> 0 | S18: =IF($K18="","",IF($I18<$F$28,0,IF($B$2="trigo",MAX(0,$K18),IF($B$2="soja",MAX(0,MIN($K18,$F$4)-$F$3)*MIN(1,MAX(0,1-MAX(0,($L18-$F$19))*0.3)),0)))) -> 0 | T18: =IF(S18="",T17,T17+S18) -> 0 | U18: =IF($K18="","",IF(OR($I18<$F$27,$I18>$F$42),0,MAX(0,$K18-$F$37))) -> 0 | V18: =IF(U18="",V17,V17+U18) -> 0 | W18: =H18 -> 16 | X18: =IF($I18="","",IF($I18<$F$27,$F$38,IF($I18<=$F$42,$F$38+($F$39*$V18)/100,$F$38+($F$39*INDEX($V:$V,$F$42))/100))) -> 0.2 | Y18: =IF($I18="","",IF($I18<$F$27,0,IF($P18<=$F$6,$F$40,IF($P18>=$F$7,$F$41,$F$40+($F$41-$F$40)*($P18-$F$6)/($F$7-$F$6))))) -> 0
E19: FpU_R1-MF (soja) | F19: =IF($B$2="soja",SUMIFS(cultivo!$D:$D,cultivo!$A:$A,"soja",cultivo!$B:$B,$B$3,cultivo!$C:$C,"FpU_R1-MF"),"") | H19: =H18+1 -> 17 | I19: =$F$26+H19 -> 168 | J19: =IFERROR(INDEX(clima!$C:$C,$I19),"") -> 167 | K19: =IFERROR(INDEX(clima!$F:$F,$I19),"") -> 10.5 | L19: =IFERROR(INDEX(clima!$J:$J,$I19),"") -> 9.8369279 | M19: =IF($K19="","",MAX(0,(IF($B$2="soja",MIN($K19,$F$4),$K19))-$F$2)) -> 10.5 | N19: =IF(M19="",N18,N18+M19) -> 125.1 | O19: =IF($K19="","",IF($I19<$F$27,0,MAX(0,(IF($B$2="soja",MIN($K19,$F$4),$K19))-$F$3))) -> 0 | P19: =IF(O19="",P18,P18+O19) -> 0 | Q19: =IF($K19="","",IF($I19<$F$27,0,IF($B$2="trigo",MAX(0,$K19-$F$2)*MAX(0,(1-(((20-MIN(20,$L19))^2)*(0.01*$F$8)))),IF($B$2="maiz",MAX(0,$K19-$F$3),IF($B$2="soja",MAX(0,MIN($K19,$F$4)-$F$3)*MIN(1,MAX(0,1-MAX(0,($L19-$F$17))*0.3)),0))))) -> 0 | R19: =IF(Q19="",R18,R18+Q19) -> 0 | S19: =IF($K19="","",IF($I19<$F$28,0,IF($B$2="trigo",MAX(0,$K19),IF($B$2="soja",MAX(0,MIN($K19,$F$4)-$F$3)*MIN(1,MAX(0,1-MAX(0,($L19-$F$19))*0.3)),0)))) -> 0 | T19: =IF(S19="",T18,T18+S19) -> 0 | U19: =IF($K19="","",IF(OR($I19<$F$27,$I19>$F$42),0,MAX(0,$K19-$F$37))) -> 0 | V19: =IF(U19="",V18,V18+U19) -> 0 | W19: =H19 -> 17 | X19: =IF($I19="","",IF($I19<$F$27,$F$38,IF($I19<=$F$42,$F$38+($F$39*$V19)/100,$F$38+($F$39*INDEX($V:$V,$F$42))/100))) -> 0.2 | Y19: =IF($I19="","",IF($I19<$F$27,0,IF($P19<=$F$6,$F$40,IF($P19>=$F$7,$F$41,$F$40+($F$41-$F$40)*($P19-$F$6)/($F$7-$F$6))))) -> 0
E20: UT-R1-R5 (soja) | F20: =IF($B$2="soja",SUMIFS(cultivo!$D:$D,cultivo!$A:$A,"soja",cultivo!$C:$C,"UT-R1-R5"),"") | H20: =H19+1 -> 18 | I20: =$F$26+H20 -> 169 | J20: =IFERROR(INDEX(clima!$C:$C,$I20),"") -> 168 | K20: =IFERROR(INDEX(clima!$F:$F,$I20),"") -> 14.1 | L20: =IFERROR(INDEX(clima!$J:$J,$I20),"") -> 9.8334122 | M20: =IF($K20="","",MAX(0,(IF($B$2="soja",MIN($K20,$F$4),$K20))-$F$2)) -> 14.1 | N20: =IF(M20="",N19,N19+M20) -> 139.2 | O20: =IF($K20="","",IF($I20<$F$27,0,MAX(0,(IF($B$2="soja",MIN($K20,$F$4),$K20))-$F$3))) -> 0 | P20: =IF(O20="",P19,P19+O20) -> 0 | Q20: =IF($K20="","",IF($I20<$F$27,0,IF($B$2="trigo",MAX(0,$K20-$F$2)*MAX(0,(1-(((20-MIN(20,$L20))^2)*(0.01*$F$8)))),IF($B$2="maiz",MAX(0,$K20-$F$3),IF($B$2="soja",MAX(0,MIN($K20,$F$4)-$F$3)*MIN(1,MAX(0,1-MAX(0,($L20-$F$17))*0.3)),0))))) -> 0 | R20: =IF(Q20="",R19,R19+Q20) -> 0 | S20: =IF($K20="","",IF($I20<$F$28,0,IF($B$2="trigo",MAX(0,$K20),IF($B$2="soja",MAX(0,MIN($K20,$F$4)-$F$3)*MIN(1,MAX(0,1-MAX(0,($L20-$F$19))*0.3)),0)))) -> 0 | T20: =IF(S20="",T19,T19+S20) -> 0 | U20: =IF($K20="","",IF(OR($I20<$F$27,$I20>$F$42),0,MAX(0,$K20-$F$37))) -> 0 | V20: =IF(U20="",V19,V19+U20) -> 0 | W20: =H20 -> 18 | X20: =IF($I20="","",IF($I20<$F$27,$F$38,IF($I20<=$F$42,$F$38+($F$39*$V20)/100,$F$38+($F$39*INDEX($V:$V,$F$42))/100))) -> 0.2 | Y20: =IF($I20="","",IF($I20<$F$27,0,IF($P20<=$F$6,$F$40,IF($P20>=$F$7,$F$41,$F$40+($F$41-$F$40)*($P20-$F$6)/($F$7-$F$6))))) -> 0
E21: UT-R5-MF (soja) | F21: =IF($B$2="soja",SUMIFS(cultivo!$D:$D,cultivo!$A:$A,"soja",cultivo!$C:$C,"UT-R5-MF"),"") | H21: =H20+1 -> 19 | I21: =$F$26+H21 -> 170 | J21: =IFERROR(INDEX(clima!$C:$C,$I21),"") -> 169 | K21: =IFERROR(INDEX(clima!$F:$F,$I21),"") -> 16.3 | L21: =IFERROR(INDEX(clima!$J:$J,$I21),"") -> 9.8306339 | M21: =IF($K21="","",MAX(0,(IF($B$2="soja",MIN($K21,$F$4),$K21))-$F$2)) -> 16.3 | N21: =IF(M21="",N20,N20+M21) -> 155.5 | O21: =IF($K21="","",IF($I21<$F$27,0,MAX(0,(IF($B$2="soja",MIN($K21,$F$4),$K21))-$F$3))) -> 16.3 | P21: =IF(O21="",P20,P20+O21) -> 16.3 | Q21: =IF($K21="","",IF($I21<$F$27,0,IF($B$2="trigo",MAX(0,$K21-$F$2)*MAX(0,(1-(((20-MIN(20,$L21))^2)*(0.01*$F$8)))),IF($B$2="maiz",MAX(0,$K21-$F$3),IF($B$2="soja",MAX(0,MIN($K21,$F$4)-$F$3)*MIN(1,MAX(0,1-MAX(0,($L21-$F$17))*0.3)),0))))) -> 1.9717123 | R21: =IF(Q21="",R20,R20+Q21) -> 1.9717123 | S21: =IF($K21="","",IF($I21<$F$28,0,IF($B$2="trigo",MAX(0,$K21),IF($B$2="soja",MAX(0,MIN($K21,$F$4)-$F$3)*MIN(1,MAX(0,1-MAX(0,($L21-$F$19))*0.3)),0)))) -> 0 | T21: =IF(S21="",T20,T20+S21) -> 0 | U21: =IF($K21="","",IF(OR($I21<$F$27,$I21>$F$42),0,MAX(0,$K21-$F$37))) -> 16.3 | V21: =IF(U21="",V20,V20+U21) -> 16.3 | W21: =H21 -> 19 | X21: =IF($I21="","",IF($I21<$F$27,$F$38,IF($I21<=$F$42,$F$38+($F$39*$V21)/100,$F$38+($F$39*INDEX($V:$V,$F$42))/100))) -> 0.22119 | Y21: =IF($I21="","",IF($I21<$F$27,0,IF($P21<=$F$6,$F$40,IF($P21>=$F$7,$F$41,$F$40+($F$41-$F$40)*($P21-$F$6)/($F$7-$F$6))))) -> 0.15
E22: UT_R1-iPC (soja) | F22: =IF($B$2="soja",SUMIFS(cultivo!$D:$D,cultivo!$A:$A,"soja",cultivo!$C:$C,"UT_R1-iPC"),"") | H22: =H21+1 -> 20 | I22: =$F$26+H22 -> 171 | J22: =IFERROR(INDEX(clima!$C:$C,$I22),"") -> 170 | K22: =IFERROR(INDEX(clima!$F:$F,$I22),"") -> 14.1 | L22: =IFERROR(INDEX(clima!$J:$J,$I22),"") -> 9.828595 | M22: =IF($K22="","",MAX(0,(IF($B$2="soja",MIN($K22,$F$4),$K22))-$F$2)) -> 14.1 | N22: =IF(M22="",N21,N21+M22) -> 169.6 | O22: =IF($K22="","",IF($I22<$F$27,0,MAX(0,(IF($B$2="soja",MIN($K22,$F$4),$K22))-$F$3))) -> 14.1 | P22: =IF(O22="",P21,P21+O22) -> 30.4 | Q22: =IF($K22="","",IF($I22<$F$27,0,IF($B$2="trigo",MAX(0,$K22-$F$2)*MAX(0,(1-(((20-MIN(20,$L22))^2)*(0.01*$F$8)))),IF($B$2="maiz",MAX(0,$K22-$F$3),IF($B$2="soja",MAX(0,MIN($K22,$F$4)-$F$3)*MIN(1,MAX(0,1-MAX(0,($L22-$F$17))*0.3)),0))))) -> 1.7006211 | R22: =IF(Q22="",R21,R21+Q22) -> 3.6723334 | S22: =IF($K22="","",IF($I22<$F$28,0,IF($B$2="trigo",MAX(0,$K22),IF($B$2="soja",MAX(0,MIN($K22,$F$4)-$F$3)*MIN(1,MAX(0,1-MAX(0,($L22-$F$19))*0.3)),0)))) -> 0 | T22: =IF(S22="",T21,T21+S22) -> 0 | U22: =IF($K22="","",IF(OR($I22<$F$27,$I22>$F$42),0,MAX(0,$K22-$F$37))) -> 14.1 | V22: =IF(U22="",V21,V21+U22) -> 30.4 | W22: =H22 -> 20 | X22: =IF($I22="","",IF($I22<$F$27,$F$38,IF($I22<=$F$42,$F$38+($F$39*$V22)/100,$F$38+($F$39*INDEX($V:$V,$F$42))/100))) -> 0.23952 | Y22: =IF($I22="","",IF($I22<$F$27,0,IF($P22<=$F$6,$F$40,IF($P22>=$F$7,$F$41,$F$40+($F$41-$F$40)*($P22-$F$6)/($F$7-$F$6))))) -> 0.15
E23: UT_R5-fPC (soja) | F23: =IF($B$2="soja",SUMIFS(cultivo!$D:$D,cultivo!$A:$A,"soja",cultivo!$C:$C,"UT_R5-fPC"),"") | H23: =H22+1 -> 21 | I23: =$F$26+H23 -> 172 | J23: =IFERROR(INDEX(clima!$C:$C,$I23),"") -> 171 | K23: =IFERROR(INDEX(clima!$F:$F,$I23),"") -> 13.8 | L23: =IFERROR(INDEX(clima!$J:$J,$I23),"") -> 9.8272968 | M23: =IF($K23="","",MAX(0,(IF($B$2="soja",MIN($K23,$F$4),$K23))-$F$2)) -> 13.8 | N23: =IF(M23="",N22,N22+M23) -> 183.4 | O23: =IF($K23="","",IF($I23<$F$27,0,MAX(0,(IF($B$2="soja",MIN($K23,$F$4),$K23))-$F$3))) -> 13.8 | P23: =IF(O23="",P22,P22+O23) -> 44.2 | Q23: =IF($K23="","",IF($I23<$F$27,0,IF($B$2="trigo",MAX(0,$K23-$F$2)*MAX(0,(1-(((20-MIN(20,$L23))^2)*(0.01*$F$8)))),IF($B$2="maiz",MAX(0,$K23-$F$3),IF($B$2="soja",MAX(0,MIN($K23,$F$4)-$F$3)*MIN(1,MAX(0,1-MAX(0,($L23-$F$17))*0.3)),0))))) -> 1.6613397 | R23: =IF(Q23="",R22,R22+Q23) -> 5.3336732 | S23: =IF($K23="","",IF($I23<$F$28,0,IF($B$2="trigo",MAX(0,$K23),IF($B$2="soja",MAX(0,MIN($K23,$F$4)-$F$3)*MIN(1,MAX(0,1-MAX(0,($L23-$F$19))*0.3)),0)))) -> 0 | T23: =IF(S23="",T22,T22+S23) -> 0 | U23: =IF($K23="","",IF(OR($I23<$F$27,$I23>$F$42),0,MAX(0,$K23-$F$37))) -> 13.8 | V23: =IF(U23="",V22,V22+U23) -> 44.2 | W23: =H23 -> 21 | X23: =IF($I23="","",IF($I23<$F$27,$F$38,IF($I23<=$F$42,$F$38+($F$39*$V23)/100,$F$38+($F$39*INDEX($V:$V,$F$42))/100))) -> 0.25746 | Y23: =IF($I23="","",IF($I23<$F$27,0,IF($P23<=$F$6,$F$40,IF($P23>=$F$7,$F$41,$F$40+($F$41-$F$40)*($P23-$F$6)/($F$7-$F$6))))) -> 0.15
H24: =H23+1 -> 22 | I24: =$F$26+H24 -> 173 | J24: =IFERROR(INDEX(clima!$C:$C,$I24),"") -> 172 | K24: =IFERROR(INDEX(clima!$F:$F,$I24),"") -> 13 | L24: =IFERROR(INDEX(clima!$J:$J,$I24),"") -> 9.8267403 | M24: =IF($K24="","",MAX(0,(IF($B$2="soja",MIN($K24,$F$4),$K24))-$F$2)) -> 13 | N24: =IF(M24="",N23,N23+M24) -> 196.4 | O24: =IF($K24="","",IF($I24<$F$27,0,MAX(0,(IF($B$2="soja",MIN($K24,$F$4),$K24))-$F$3))) -> 13 | P24: =IF(O24="",P23,P23+O24) -> 57.2 | Q24: =IF($K24="","",IF($I24<$F$27,0,IF($B$2="trigo",MAX(0,$K24-$F$2)*MAX(0,(1-(((20-MIN(20,$L24))^2)*(0.01*$F$8)))),IF($B$2="maiz",MAX(0,$K24-$F$3),IF($B$2="soja",MAX(0,MIN($K24,$F$4)-$F$3)*MIN(1,MAX(0,1-MAX(0,($L24-$F$17))*0.3)),0))))) -> 1.563779 | R24: =IF(Q24="",R23,R23+Q24) -> 6.8974521 | S24: =IF($K24="","",IF($I24<$F$28,0,IF($B$2="trigo",MAX(0,$K24),IF($B$2="soja",MAX(0,MIN($K24,$F$4)-$F$3)*MIN(1,MAX(0,1-MAX(0,($L24-$F$19))*0.3)),0)))) -> 0 | T24: =IF(S24="",T23,T23+S24) -> 0 | U24: =IF($K24="","",IF(OR($I24<$F$27,$I24>$F$42),0,MAX(0,$K24-$F$37))) -> 13 | V24: =IF(U24="",V23,V23+U24) -> 57.2 | W24: =H24 -> 22 | X24: =IF($I24="","",IF($I24<$F$27,$F$38,IF($I24<=$F$42,$F$38+($F$39*$V24)/100,$F$38+($F$39*INDEX($V:$V,$F$42))/100))) -> 0.27436 | Y24: =IF($I24="","",IF($I24<$F$27,0,IF($P24<=$F$6,$F$40,IF($P24>=$F$7,$F$41,$F$40+($F$41-$F$40)*($P24-$F$6)/($F$7-$F$6))))) -> 0.15
H25: =H24+1 -> 23 | I25: =$F$26+H25 -> 174 | J25: =IFERROR(INDEX(clima!$C:$C,$I25),"") -> 173 | K25: =IFERROR(INDEX(clima!$F:$F,$I25),"") -> 11.5 | L25: =IFERROR(INDEX(clima!$J:$J,$I25),"") -> 9.8269258 | M25: =IF($K25="","",MAX(0,(IF($B$2="soja",MIN($K25,$F$4),$K25))-$F$2)) -> 11.5 | N25: =IF(M25="",N24,N24+M25) -> 207.9 | O25: =IF($K25="","",IF($I25<$F$27,0,MAX(0,(IF($B$2="soja",MIN($K25,$F$4),$K25))-$F$3))) -> 11.5 | P25: =IF(O25="",P24,P24+O25) -> 68.7 | Q25: =IF($K25="","",IF($I25<$F$27,0,IF($B$2="trigo",MAX(0,$K25-$F$2)*MAX(0,(1-(((20-MIN(20,$L25))^2)*(0.01*$F$8)))),IF($B$2="maiz",MAX(0,$K25-$F$3),IF($B$2="soja",MAX(0,MIN($K25,$F$4)-$F$3)*MIN(1,MAX(0,1-MAX(0,($L25-$F$17))*0.3)),0))))) -> 1.3837119 | R25: =IF(Q25="",R24,R24+Q25) -> 8.2811641 | S25: =IF($K25="","",IF($I25<$F$28,0,IF($B$2="trigo",MAX(0,$K25),IF($B$2="soja",MAX(0,MIN($K25,$F$4)-$F$3)*MIN(1,MAX(0,1-MAX(0,($L25-$F$19))*0.3)),0)))) -> 0 | T25: =IF(S25="",T24,T24+S25) -> 0 | U25: =IF($K25="","",IF(OR($I25<$F$27,$I25>$F$42),0,MAX(0,$K25-$F$37))) -> 11.5 | V25: =IF(U25="",V24,V24+U25) -> 68.7 | W25: =H25 -> 23 | X25: =IF($I25="","",IF($I25<$F$27,$F$38,IF($I25<=$F$42,$F$38+($F$39*$V25)/100,$F$38+($F$39*INDEX($V:$V,$F$42))/100))) -> 0.28931 | Y25: =IF($I25="","",IF($I25<$F$27,0,IF($P25<=$F$6,$F$40,IF($P25>=$F$7,$F$41,$F$40+($F$41-$F$40)*($P25-$F$6)/($F$7-$F$6))))) -> 0.15
E26: fila_S (clima) | F26: =MATCH($B$4,clima!$C$2:$C$548,0)+1 -> 151 | H26: =H25+1 -> 24 | I26: =$F$26+H26 -> 175 | J26: =IFERROR(INDEX(clima!$C:$C,$I26),"") -> 174 | K26: =IFERROR(INDEX(clima!$F:$F,$I26),"") -> 6.9 | L26: =IFERROR(INDEX(clima!$J:$J,$I26),"") -> 9.8278533 | M26: =IF($K26="","",MAX(0,(IF($B$2="soja",MIN($K26,$F$4),$K26))-$F$2)) -> 6.9 | N26: =IF(M26="",N25,N25+M26) -> 214.8 | O26: =IF($K26="","",IF($I26<$F$27,0,MAX(0,(IF($B$2="soja",MIN($K26,$F$4),$K26))-$F$3))) -> 6.9 | P26: =IF(O26="",P25,P25+O26) -> 75.6 | Q26: =IF($K26="","",IF($I26<$F$27,0,IF($B$2="trigo",MAX(0,$K26-$F$2)*MAX(0,(1-(((20-MIN(20,$L26))^2)*(0.01*$F$8)))),IF($B$2="maiz",MAX(0,$K26-$F$3),IF($B$2="soja",MAX(0,MIN($K26,$F$4)-$F$3)*MIN(1,MAX(0,1-MAX(0,($L26-$F$17))*0.3)),0))))) -> 0.83133381 | R26: =IF(Q26="",R25,R25+Q26) -> 9.1124979 | S26: =IF($K26="","",IF($I26<$F$28,0,IF($B$2="trigo",MAX(0,$K26),IF($B$2="soja",MAX(0,MIN($K26,$F$4)-$F$3)*MIN(1,MAX(0,1-MAX(0,($L26-$F$19))*0.3)),0)))) -> 0 | T26: =IF(S26="",T25,T25+S26) -> 0 | U26: =IF($K26="","",IF(OR($I26<$F$27,$I26>$F$42),0,MAX(0,$K26-$F$37))) -> 6.9 | V26: =IF(U26="",V25,V25+U26) -> 75.6 | W26: =H26 -> 24 | X26: =IF($I26="","",IF($I26<$F$27,$F$38,IF($I26<=$F$42,$F$38+($F$39*$V26)/100,$F$38+($F$39*INDEX($V:$V,$F$42))/100))) -> 0.29828 | Y26: =IF($I26="","",IF($I26<$F$27,0,IF($P26<=$F$6,$F$40,IF($P26>=$F$7,$F$41,$F$40+($F$41-$F$40)*($P26-$F$6)/($F$7-$F$6))))) -> 0.15
E27: fila_E (clima) | F27: =$F$26+COUNTIFS($I$2:$I$501,">="&$F$26,$N$2:$N$501,"<"&$F$5) -> 170 | H27: =H26+1 -> 25 | I27: =$F$26+H27 -> 176 | J27: =IFERROR(INDEX(clima!$C:$C,$I27),"") -> 175 | K27: =IFERROR(INDEX(clima!$F:$F,$I27),"") -> 5.3 | L27: =IFERROR(INDEX(clima!$J:$J,$I27),"") -> 9.829522 | M27: =IF($K27="","",MAX(0,(IF($B$2="soja",MIN($K27,$F$4),$K27))-$F$2)) -> 5.3 | N27: =IF(M27="",N26,N26+M27) -> 220.1 | O27: =IF($K27="","",IF($I27<$F$27,0,MAX(0,(IF($B$2="soja",MIN($K27,$F$4),$K27))-$F$3))) -> 5.3 | P27: =IF(O27="",P26,P26+O27) -> 80.9 | Q27: =IF($K27="","",IF($I27<$F$27,0,IF($B$2="trigo",MAX(0,$K27-$F$2)*MAX(0,(1-(((20-MIN(20,$L27))^2)*(0.01*$F$8)))),IF($B$2="maiz",MAX(0,$K27-$F$3),IF($B$2="soja",MAX(0,MIN($K27,$F$4)-$F$3)*MIN(1,MAX(0,1-MAX(0,($L27-$F$17))*0.3)),0))))) -> 0.64009 | R27: =IF(Q27="",R26,R26+Q27) -> 9.7525879 | S27: =IF($K27="","",IF($I27<$F$28,0,IF($B$2="trigo",MAX(0,$K27),IF($B$2="soja",MAX(0,MIN($K27,$F$4)-$F$3)*MIN(1,MAX(0,1-MAX(0,($L27-$F$19))*0.3)),0)))) -> 0 | T27: =IF(S27="",T26,T26+S27) -> 0 | U27: =IF($K27="","",IF(OR($I27<$F$27,$I27>$F$42),0,MAX(0,$K27-$F$37))) -> 5.3 | V27: =IF(U27="",V26,V26+U27) -> 80.9 | W27: =H27 -> 25 | X27: =IF($I27="","",IF($I27<$F$27,$F$38,IF($I27<=$F$42,$F$38+($F$39*$V27)/100,$F$38+($F$39*INDEX($V:$V,$F$42))/100))) -> 0.30517 | Y27: =IF($I27="","",IF($I27<$F$27,0,IF($P27<=$F$6,$F$40,IF($P27>=$F$7,$F$41,$F$40+($F$41-$F$40)*($P27-$F$6)/($F$7-$F$6))))) -> 0.15
E28: fila_hito1 (ET trigo / R1 soja / R2 maiz) | F28: =$F$27+COUNTIFS($I$2:$I$501,">="&$F$27,$R$2:$R$501,"<"&IF($B$2="trigo",$F$9,IF($B$2="soja",$F$18,$F$13))) -> 282 | H28: =H27+1 -> 26 | I28: =$F$26+H28 -> 177 | J28: =IFERROR(INDEX(clima!$C:$C,$I28),"") -> 176 | K28: =IFERROR(INDEX(clima!$F:$F,$I28),"") -> 6.8 | L28: =IFERROR(INDEX(clima!$J:$J,$I28),"") -> 9.8319308 | M28: =IF($K28="","",MAX(0,(IF($B$2="soja",MIN($K28,$F$4),$K28))-$F$2)) -> 6.8 | N28: =IF(M28="",N27,N27+M28) -> 226.9 | O28: =IF($K28="","",IF($I28<$F$27,0,MAX(0,(IF($B$2="soja",MIN($K28,$F$4),$K28))-$F$3))) -> 6.8 | P28: =IF(O28="",P27,P27+O28) -> 87.7 | Q28: =IF($K28="","",IF($I28<$F$27,0,IF($B$2="trigo",MAX(0,$K28-$F$2)*MAX(0,(1-(((20-MIN(20,$L28))^2)*(0.01*$F$8)))),IF($B$2="maiz",MAX(0,$K28-$F$3),IF($B$2="soja",MAX(0,MIN($K28,$F$4)-$F$3)*MIN(1,MAX(0,1-MAX(0,($L28-$F$17))*0.3)),0))))) -> 0.82407926 | R28: =IF(Q28="",R27,R27+Q28) -> 10.576667 | S28: =IF($K28="","",IF($I28<$F$28,0,IF($B$2="trigo",MAX(0,$K28),IF($B$2="soja",MAX(0,MIN($K28,$F$4)-$F$3)*MIN(1,MAX(0,1-MAX(0,($L28-$F$19))*0.3)),0)))) -> 0 | T28: =IF(S28="",T27,T27+S28) -> 0 | U28: =IF($K28="","",IF(OR($I28<$F$27,$I28>$F$42),0,MAX(0,$K28-$F$37))) -> 6.8 | V28: =IF(U28="",V27,V27+U28) -> 87.7 | W28: =H28 -> 26 | X28: =IF($I28="","",IF($I28<$F$27,$F$38,IF($I28<=$F$42,$F$38+($F$39*$V28)/100,$F$38+($F$39*INDEX($V:$V,$F$42))/100))) -> 0.31401 | Y28: =IF($I28="","",IF($I28<$F$27,0,IF($P28<=$F$6,$F$40,IF($P28>=$F$7,$F$41,$F$40+($F$41-$F$40)*($P28-$F$6)/($F$7-$F$6))))) -> 0.15
H29: =H28+1 -> 27 | I29: =$F$26+H29 -> 178 | J29: =IFERROR(INDEX(clima!$C:$C,$I29),"") -> 177 | K29: =IFERROR(INDEX(clima!$F:$F,$I29),"") -> 6.5 | L29: =IFERROR(INDEX(clima!$J:$J,$I29),"") -> 9.835078 | M29: =IF($K29="","",MAX(0,(IF($B$2="soja",MIN($K29,$F$4),$K29))-$F$2)) -> 6.5 | N29: =IF(M29="",N28,N28+M29) -> 233.4 | O29: =IF($K29="","",IF($I29<$F$27,0,MAX(0,(IF($B$2="soja",MIN($K29,$F$4),$K29))-$F$3))) -> 6.5 | P29: =IF(O29="",P28,P28+O29) -> 94.2 | Q29: =IF($K29="","",IF($I29<$F$27,0,IF($B$2="trigo",MAX(0,$K29-$F$2)*MAX(0,(1-(((20-MIN(20,$L29))^2)*(0.01*$F$8)))),IF($B$2="maiz",MAX(0,$K29-$F$3),IF($B$2="soja",MAX(0,MIN($K29,$F$4)-$F$3)*MIN(1,MAX(0,1-MAX(0,($L29-$F$17))*0.3)),0))))) -> 0.79125842 | R29: =IF(Q29="",R28,R28+Q29) -> 11.367926 | S29: =IF($K29="","",IF($I29<$F$28,0,IF($B$2="trigo",MAX(0,$K29),IF($B$2="soja",MAX(0,MIN($K29,$F$4)-$F$3)*MIN(1,MAX(0,1-MAX(0,($L29-$F$19))*0.3)),0)))) -> 0 | T29: =IF(S29="",T28,T28+S29) -> 0 | U29: =IF($K29="","",IF(OR($I29<$F$27,$I29>$F$42),0,MAX(0,$K29-$F$37))) -> 6.5 | V29: =IF(U29="",V28,V28+U29) -> 94.2 | W29: =H29 -> 27 | X29: =IF($I29="","",IF($I29<$F$27,$F$38,IF($I29<=$F$42,$F$38+($F$39*$V29)/100,$F$38+($F$39*INDEX($V:$V,$F$42))/100))) -> 0.32246 | Y29: =IF($I29="","",IF($I29<$F$27,0,IF($P29<=$F$6,$F$40,IF($P29>=$F$7,$F$41,$F$40+($F$41-$F$40)*($P29-$F$6)/($F$7-$F$6))))) -> 0.15
E30: Notas del motor de cálculo (columnas E:T, auxiliares): | H30: =H29+1 -> 28 | I30: =$F$26+H30 -> 179 | J30: =IFERROR(INDEX(clima!$C:$C,$I30),"") -> 178 | K30: =IFERROR(INDEX(clima!$F:$F,$I30),"") -> 7 | L30: =IFERROR(INDEX(clima!$J:$J,$I30),"") -> 9.8389615 | M30: =IF($K30="","",MAX(0,(IF($B$2="soja",MIN($K30,$F$4),$K30))-$F$2)) -> 7 | N30: =IF(M30="",N29,N29+M30) -> 240.4 | O30: =IF($K30="","",IF($I30<$F$27,0,MAX(0,(IF($B$2="soja",MIN($K30,$F$4),$K30))-$F$3))) -> 7 | P30: =IF(O30="",P29,P29+O30) -> 101.2 | Q30: =IF($K30="","",IF($I30<$F$27,0,IF($B$2="trigo",MAX(0,$K30-$F$2)*MAX(0,(1-(((20-MIN(20,$L30))^2)*(0.01*$F$8)))),IF($B$2="maiz",MAX(0,$K30-$F$3),IF($B$2="soja",MAX(0,MIN($K30,$F$4)-$F$3)*MIN(1,MAX(0,1-MAX(0,($L30-$F$17))*0.3)),0))))) -> 0.85682112 | R30: =IF(Q30="",R29,R29+Q30) -> 12.224747 | S30: =IF($K30="","",IF($I30<$F$28,0,IF($B$2="trigo",MAX(0,$K30),IF($B$2="soja",MAX(0,MIN($K30,$F$4)-$F$3)*MIN(1,MAX(0,1-MAX(0,($L30-$F$19))*0.3)),0)))) -> 0 | T30: =IF(S30="",T29,T29+S30) -> 0 | U30: =IF($K30="","",IF(OR($I30<$F$27,$I30>$F$42),0,MAX(0,$K30-$F$37))) -> 7 | V30: =IF(U30="",V29,V29+U30) -> 101.2 | W30: =H30 -> 28 | X30: =IF($I30="","",IF($I30<$F$27,$F$38,IF($I30<=$F$42,$F$38+($F$39*$V30)/100,$F$38+($F$39*INDEX($V:$V,$F$42))/100))) -> 0.33156 | Y30: =IF($I30="","",IF($I30<$F$27,0,IF($P30<=$F$6,$F$40,IF($P30>=$F$7,$F$41,$F$40+($F$41-$F$40)*($P30-$F$6)/($F$7-$F$6))))) -> 0.15
E31: - E:F -> parámetros del cultivo/cultivar activo (leídos de la solapa 'cultivo' con SUMIFS). Fila 43: UT_ET-Z71 (trigo), umbral del cuaje de granos, distinto de fPC desde la última actualización del docx. | H31: =H30+1 -> 29 | I31: =$F$26+H31 -> 180 | J31: =IFERROR(INDEX(clima!$C:$C,$I31),"") -> 179 | K31: =IFERROR(INDEX(clima!$F:$F,$I31),"") -> 6.8 | L31: =IFERROR(INDEX(clima!$J:$J,$I31),"") -> 9.8435785 | M31: =IF($K31="","",MAX(0,(IF($B$2="soja",MIN($K31,$F$4),$K31))-$F$2)) -> 6.8 | N31: =IF(M31="",N30,N30+M31) -> 247.2 | O31: =IF($K31="","",IF($I31<$F$27,0,MAX(0,(IF($B$2="soja",MIN($K31,$F$4),$K31))-$F$3))) -> 6.8 | P31: =IF(O31="",P30,P30+O31) -> 108 | Q31: =IF($K31="","",IF($I31<$F$27,0,IF($B$2="trigo",MAX(0,$K31-$F$2)*MAX(0,(1-(((20-MIN(20,$L31))^2)*(0.01*$F$8)))),IF($B$2="maiz",MAX(0,$K31-$F$3),IF($B$2="soja",MAX(0,MIN($K31,$F$4)-$F$3)*MIN(1,MAX(0,1-MAX(0,($L31-$F$17))*0.3)),0))))) -> 0.83776254 | R31: =IF(Q31="",R30,R30+Q31) -> 13.062509 | S31: =IF($K31="","",IF($I31<$F$28,0,IF($B$2="trigo",MAX(0,$K31),IF($B$2="soja",MAX(0,MIN($K31,$F$4)-$F$3)*MIN(1,MAX(0,1-MAX(0,($L31-$F$19))*0.3)),0)))) -> 0 | T31: =IF(S31="",T30,T30+S31) -> 0 | U31: =IF($K31="","",IF(OR($I31<$F$27,$I31>$F$42),0,MAX(0,$K31-$F$37))) -> 6.8 | V31: =IF(U31="",V30,V30+U31) -> 108 | W31: =H31 -> 29 | X31: =IF($I31="","",IF($I31<$F$27,$F$38,IF($I31<=$F$42,$F$38+($F$39*$V31)/100,$F$38+($F$39*INDEX($V:$V,$F$42))/100))) -> 0.3404 | Y31: =IF($I31="","",IF($I31<$F$27,0,IF($P31<=$F$6,$F$40,IF($P31>=$F$7,$F$41,$F$40+($F$41-$F$40)*($P31-$F$6)/($F$7-$F$6))))) -> 0.15
E32: - F26:F28 -> fila en 'clima' de siembra (fila_S), emergencia (fila_E) y del hito1 (ET trigo / R1 soja / R2 maíz). | H32: =H31+1 -> 30 | I32: =$F$26+H32 -> 181 | J32: =IFERROR(INDEX(clima!$C:$C,$I32),"") -> 180 | K32: =IFERROR(INDEX(clima!$F:$F,$I32),"") -> 6.3 | L32: =IFERROR(INDEX(clima!$J:$J,$I32),"") -> 9.848926 | M32: =IF($K32="","",MAX(0,(IF($B$2="soja",MIN($K32,$F$4),$K32))-$F$2)) -> 6.3 | N32: =IF(M32="",N31,N31+M32) -> 253.5 | O32: =IF($K32="","",IF($I32<$F$27,0,MAX(0,(IF($B$2="soja",MIN($K32,$F$4),$K32))-$F$3))) -> 6.3 | P32: =IF(O32="",P31,P31+O32) -> 114.3 | Q32: =IF($K32="","",IF($I32<$F$27,0,IF($B$2="trigo",MAX(0,$K32-$F$2)*MAX(0,(1-(((20-MIN(20,$L32))^2)*(0.01*$F$8)))),IF($B$2="maiz",MAX(0,$K32-$F$3),IF($B$2="soja",MAX(0,MIN($K32,$F$4)-$F$3)*MIN(1,MAX(0,1-MAX(0,($L32-$F$17))*0.3)),0))))) -> 0.78197751 | R32: =IF(Q32="",R31,R31+Q32) -> 13.844487 | S32: =IF($K32="","",IF($I32<$F$28,0,IF($B$2="trigo",MAX(0,$K32),IF($B$2="soja",MAX(0,MIN($K32,$F$4)-$F$3)*MIN(1,MAX(0,1-MAX(0,($L32-$F$19))*0.3)),0)))) -> 0 | T32: =IF(S32="",T31,T31+S32) -> 0 | U32: =IF($K32="","",IF(OR($I32<$F$27,$I32>$F$42),0,MAX(0,$K32-$F$37))) -> 6.3 | V32: =IF(U32="",V31,V31+U32) -> 114.3 | W32: =H32 -> 30 | X32: =IF($I32="","",IF($I32<$F$27,$F$38,IF($I32<=$F$42,$F$38+($F$39*$V32)/100,$F$38+($F$39*INDEX($V:$V,$F$42))/100))) -> 0.34859 | Y32: =IF($I32="","",IF($I32<$F$27,0,IF($P32<=$F$6,$F$40,IF($P32>=$F$7,$F$41,$F$40+($F$41-$F$40)*($P32-$F$6)/($F$7-$F$6))))) -> 0.15
E33: - H:T (filas 2-501) -> tabla auxiliar día a día desde la siembra: día calendario, Tm, Fp y 4 series de unidades térmicas acumuladas (N,P,R,T) con las reglas de temperatura base/fotoperíodo de cada cultivo. | H33: =H32+1 -> 31 | I33: =$F$26+H33 -> 182 | J33: =IFERROR(INDEX(clima!$C:$C,$I33),"") -> 181 | K33: =IFERROR(INDEX(clima!$F:$F,$I33),"") -> 8.3 | L33: =IFERROR(INDEX(clima!$J:$J,$I33),"") -> 9.8550001 | M33: =IF($K33="","",MAX(0,(IF($B$2="soja",MIN($K33,$F$4),$K33))-$F$2)) -> 8.3 | N33: =IF(M33="",N32,N32+M33) -> 261.8 | O33: =IF($K33="","",IF($I33<$F$27,0,MAX(0,(IF($B$2="soja",MIN($K33,$F$4),$K33))-$F$3))) -> 8.3 | P33: =IF(O33="",P32,P32+O33) -> 122.6 | Q33: =IF($K33="","",IF($I33<$F$27,0,IF($B$2="trigo",MAX(0,$K33-$F$2)*MAX(0,(1-(((20-MIN(20,$L33))^2)*(0.01*$F$8)))),IF($B$2="maiz",MAX(0,$K33-$F$3),IF($B$2="soja",MAX(0,MIN($K33,$F$4)-$F$3)*MIN(1,MAX(0,1-MAX(0,($L33-$F$17))*0.3)),0))))) -> 1.0389218 | R33: =IF(Q33="",R32,R32+Q33) -> 14.883409 | S33: =IF($K33="","",IF($I33<$F$28,0,IF($B$2="trigo",MAX(0,$K33),IF($B$2="soja",MAX(0,MIN($K33,$F$4)-$F$3)*MIN(1,MAX(0,1-MAX(0,($L33-$F$19))*0.3)),0)))) -> 0 | T33: =IF(S33="",T32,T32+S33) -> 0 | U33: =IF($K33="","",IF(OR($I33<$F$27,$I33>$F$42),0,MAX(0,$K33-$F$37))) -> 8.3 | V33: =IF(U33="",V32,V32+U33) -> 122.6 | W33: =H33 -> 31 | X33: =IF($I33="","",IF($I33<$F$27,$F$38,IF($I33<=$F$42,$F$38+($F$39*$V33)/100,$F$38+($F$39*INDEX($V:$V,$F$42))/100))) -> 0.35938 | Y33: =IF($I33="","",IF($I33<$F$27,0,IF($P33<=$F$6,$F$40,IF($P33>=$F$7,$F$41,$F$40+($F$41-$F$40)*($P33-$F$6)/($F$7-$F$6))))) -> 0.15
E34: - Las fechas en B5:B14 se resuelven ubicando la primera fila donde la serie acumulada supera el umbral correspondiente (función COUNTIFS + INDEX), lo que respeta correctamente el cruce de año calendario. | H34: =H33+1 -> 32 | I34: =$F$26+H34 -> 183 | J34: =IFERROR(INDEX(clima!$C:$C,$I34),"") -> 182 | K34: =IFERROR(INDEX(clima!$F:$F,$I34),"") -> 8.4 | L34: =IFERROR(INDEX(clima!$J:$J,$I34),"") -> 9.8617968 | M34: =IF($K34="","",MAX(0,(IF($B$2="soja",MIN($K34,$F$4),$K34))-$F$2)) -> 8.4 | N34: =IF(M34="",N33,N33+M34) -> 270.2 | O34: =IF($K34="","",IF($I34<$F$27,0,MAX(0,(IF($B$2="soja",MIN($K34,$F$4),$K34))-$F$3))) -> 8.4 | P34: =IF(O34="",P33,P33+O34) -> 131 | Q34: =IF($K34="","",IF($I34<$F$27,0,IF($B$2="trigo",MAX(0,$K34-$F$2)*MAX(0,(1-(((20-MIN(20,$L34))^2)*(0.01*$F$8)))),IF($B$2="maiz",MAX(0,$K34-$F$3),IF($B$2="soja",MAX(0,MIN($K34,$F$4)-$F$3)*MIN(1,MAX(0,1-MAX(0,($L34-$F$17))*0.3)),0))))) -> 1.0612821 | R34: =IF(Q34="",R33,R33+Q34) -> 15.944691 | S34: =IF($K34="","",IF($I34<$F$28,0,IF($B$2="trigo",MAX(0,$K34),IF($B$2="soja",MAX(0,MIN($K34,$F$4)-$F$3)*MIN(1,MAX(0,1-MAX(0,($L34-$F$19))*0.3)),0)))) -> 0 | T34: =IF(S34="",T33,T33+S34) -> 0 | U34: =IF($K34="","",IF(OR($I34<$F$27,$I34>$F$42),0,MAX(0,$K34-$F$37))) -> 8.4 | V34: =IF(U34="",V33,V33+U34) -> 131 | W34: =H34 -> 32 | X34: =IF($I34="","",IF($I34<$F$27,$F$38,IF($I34<=$F$42,$F$38+($F$39*$V34)/100,$F$38+($F$39*INDEX($V:$V,$F$42))/100))) -> 0.3703 | Y34: =IF($I34="","",IF($I34<$F$27,0,IF($P34<=$F$6,$F$40,IF($P34>=$F$7,$F$41,$F$40+($F$41-$F$40)*($P34-$F$6)/($F$7-$F$6))))) -> 0.15
E35: - hito2 = etapa de "cuaje de granos": Z71 en trigo (parámetro propio UT_ET-Z71=700°C, fila 43; ya NO coincide con fPC, que ahora es ET+800°C), R2 en maíz (coincide con hito1, no hay etapa distinta) y R5 en soja. Es la fila F42 y marca el fin del crecimiento potencial de la profundidad radical (columna X); también da nombre a las series "incr/acum hito1→hito2" (columnas S:T). | H35: =H34+1 -> 33 | I35: =$F$26+H35 -> 184 | J35: =IFERROR(INDEX(clima!$C:$C,$I35),"") -> 183 | K35: =IFERROR(INDEX(clima!$F:$F,$I35),"") -> 13.2 | L35: =IFERROR(INDEX(clima!$J:$J,$I35),"") -> 9.8693114 | M35: =IF($K35="","",MAX(0,(IF($B$2="soja",MIN($K35,$F$4),$K35))-$F$2)) -> 13.2 | N35: =IF(M35="",N34,N34+M35) -> 283.4 | O35: =IF($K35="","",IF($I35<$F$27,0,MAX(0,(IF($B$2="soja",MIN($K35,$F$4),$K35))-$F$3))) -> 13.2 | P35: =IF(O35="",P34,P34+O35) -> 144.2 | Q35: =IF($K35="","",IF($I35<$F$27,0,IF($B$2="trigo",MAX(0,$K35-$F$2)*MAX(0,(1-(((20-MIN(20,$L35))^2)*(0.01*$F$8)))),IF($B$2="maiz",MAX(0,$K35-$F$3),IF($B$2="soja",MAX(0,MIN($K35,$F$4)-$F$3)*MIN(1,MAX(0,1-MAX(0,($L35-$F$17))*0.3)),0))))) -> 1.6848185 | R35: =IF(Q35="",R34,R34+Q35) -> 17.629509 | S35: =IF($K35="","",IF($I35<$F$28,0,IF($B$2="trigo",MAX(0,$K35),IF($B$2="soja",MAX(0,MIN($K35,$F$4)-$F$3)*MIN(1,MAX(0,1-MAX(0,($L35-$F$19))*0.3)),0)))) -> 0 | T35: =IF(S35="",T34,T34+S35) -> 0 | U35: =IF($K35="","",IF(OR($I35<$F$27,$I35>$F$42),0,MAX(0,$K35-$F$37))) -> 13.2 | V35: =IF(U35="",V34,V34+U35) -> 144.2 | W35: =H35 -> 33 | X35: =IF($I35="","",IF($I35<$F$27,$F$38,IF($I35<=$F$42,$F$38+($F$39*$V35)/100,$F$38+($F$39*INDEX($V:$V,$F$42))/100))) -> 0.38746 | Y35: =IF($I35="","",IF($I35<$F$27,0,IF($P35<=$F$6,$F$40,IF($P35>=$F$7,$F$41,$F$40+($F$41-$F$40)*($P35-$F$6)/($F$7-$F$6))))) -> 0.15
H36: =H35+1 -> 34 | I36: =$F$26+H36 -> 185 | J36: =IFERROR(INDEX(clima!$C:$C,$I36),"") -> 184 | K36: =IFERROR(INDEX(clima!$F:$F,$I36),"") -> 8.6 | L36: =IFERROR(INDEX(clima!$J:$J,$I36),"") -> 9.8775389 | M36: =IF($K36="","",MAX(0,(IF($B$2="soja",MIN($K36,$F$4),$K36))-$F$2)) -> 8.6 | N36: =IF(M36="",N35,N35+M36) -> 292 | O36: =IF($K36="","",IF($I36<$F$27,0,MAX(0,(IF($B$2="soja",MIN($K36,$F$4),$K36))-$F$3))) -> 8.6 | P36: =IF(O36="",P35,P35+O36) -> 152.8 | Q36: =IF($K36="","",IF($I36<$F$27,0,IF($B$2="trigo",MAX(0,$K36-$F$2)*MAX(0,(1-(((20-MIN(20,$L36))^2)*(0.01*$F$8)))),IF($B$2="maiz",MAX(0,$K36-$F$3),IF($B$2="soja",MAX(0,MIN($K36,$F$4)-$F$3)*MIN(1,MAX(0,1-MAX(0,($L36-$F$17))*0.3)),0))))) -> 1.1098656 | R36: =IF(Q36="",R35,R35+Q36) -> 18.739375 | S36: =IF($K36="","",IF($I36<$F$28,0,IF($B$2="trigo",MAX(0,$K36),IF($B$2="soja",MAX(0,MIN($K36,$F$4)-$F$3)*MIN(1,MAX(0,1-MAX(0,($L36-$F$19))*0.3)),0)))) -> 0 | T36: =IF(S36="",T35,T35+S36) -> 0 | U36: =IF($K36="","",IF(OR($I36<$F$27,$I36>$F$42),0,MAX(0,$K36-$F$37))) -> 8.6 | V36: =IF(U36="",V35,V35+U36) -> 152.8 | W36: =H36 -> 34 | X36: =IF($I36="","",IF($I36<$F$27,$F$38,IF($I36<=$F$42,$F$38+($F$39*$V36)/100,$F$38+($F$39*INDEX($V:$V,$F$42))/100))) -> 0.39864 | Y36: =IF($I36="","",IF($I36<$F$27,0,IF($P36<=$F$6,$F$40,IF($P36>=$F$7,$F$41,$F$40+($F$41-$F$40)*($P36-$F$6)/($F$7-$F$6))))) -> 0.15
E37: Tb_c | F37: =SUMIFS(cultivo!$D:$D,cultivo!$A:$A,$B$2,cultivo!$C:$C,"Tb_c") -> 0 | H37: =H36+1 -> 35 | I37: =$F$26+H37 -> 186 | J37: =IFERROR(INDEX(clima!$C:$C,$I37),"") -> 185 | K37: =IFERROR(INDEX(clima!$F:$F,$I37),"") -> 13.3 | L37: =IFERROR(INDEX(clima!$J:$J,$I37),"") -> 9.8864737 | M37: =IF($K37="","",MAX(0,(IF($B$2="soja",MIN($K37,$F$4),$K37))-$F$2)) -> 13.3 | N37: =IF(M37="",N36,N36+M37) -> 305.3 | O37: =IF($K37="","",IF($I37<$F$27,0,MAX(0,(IF($B$2="soja",MIN($K37,$F$4),$K37))-$F$3))) -> 13.3 | P37: =IF(O37="",P36,P36+O37) -> 166.1 | Q37: =IF($K37="","",IF($I37<$F$27,0,IF($B$2="trigo",MAX(0,$K37-$F$2)*MAX(0,(1-(((20-MIN(20,$L37))^2)*(0.01*$F$8)))),IF($B$2="maiz",MAX(0,$K37-$F$3),IF($B$2="soja",MAX(0,MIN($K37,$F$4)-$F$3)*MIN(1,MAX(0,1-MAX(0,($L37-$F$17))*0.3)),0))))) -> 1.73686 | R37: =IF(Q37="",R36,R36+Q37) -> 20.476235 | S37: =IF($K37="","",IF($I37<$F$28,0,IF($B$2="trigo",MAX(0,$K37),IF($B$2="soja",MAX(0,MIN($K37,$F$4)-$F$3)*MIN(1,MAX(0,1-MAX(0,($L37-$F$19))*0.3)),0)))) -> 0 | T37: =IF(S37="",T36,T36+S37) -> 0 | U37: =IF($K37="","",IF(OR($I37<$F$27,$I37>$F$42),0,MAX(0,$K37-$F$37))) -> 13.3 | V37: =IF(U37="",V36,V36+U37) -> 166.1 | W37: =H37 -> 35 | X37: =IF($I37="","",IF($I37<$F$27,$F$38,IF($I37<=$F$42,$F$38+($F$39*$V37)/100,$F$38+($F$39*INDEX($V:$V,$F$42))/100))) -> 0.41593 | Y37: =IF($I37="","",IF($I37<$F$27,0,IF($P37<=$F$6,$F$40,IF($P37>=$F$7,$F$41,$F$40+($F$41-$F$40)*($P37-$F$6)/($F$7-$F$6))))) -> 0.15
E38: PR_S-E (m) | F38: =SUMIFS(cultivo!$D:$D,cultivo!$A:$A,$B$2,cultivo!$C:$C,"PR_S-E") -> 0.2 | H38: =H37+1 -> 36 | I38: =$F$26+H38 -> 187 | J38: =IFERROR(INDEX(clima!$C:$C,$I38),"") -> 186 | K38: =IFERROR(INDEX(clima!$F:$F,$I38),"") -> 12.6 | L38: =IFERROR(INDEX(clima!$J:$J,$I38),"") -> 9.8961099 | M38: =IF($K38="","",MAX(0,(IF($B$2="soja",MIN($K38,$F$4),$K38))-$F$2)) -> 12.6 | N38: =IF(M38="",N37,N37+M38) -> 317.9 | O38: =IF($K38="","",IF($I38<$F$27,0,MAX(0,(IF($B$2="soja",MIN($K38,$F$4),$K38))-$F$3))) -> 12.6 | P38: =IF(O38="",P37,P37+O38) -> 178.7 | Q38: =IF($K38="","",IF($I38<$F$27,0,IF($B$2="trigo",MAX(0,$K38-$F$2)*MAX(0,(1-(((20-MIN(20,$L38))^2)*(0.01*$F$8)))),IF($B$2="maiz",MAX(0,$K38-$F$3),IF($B$2="soja",MAX(0,MIN($K38,$F$4)-$F$3)*MIN(1,MAX(0,1-MAX(0,($L38-$F$17))*0.3)),0))))) -> 1.6663114 | R38: =IF(Q38="",R37,R37+Q38) -> 22.142546 | S38: =IF($K38="","",IF($I38<$F$28,0,IF($B$2="trigo",MAX(0,$K38),IF($B$2="soja",MAX(0,MIN($K38,$F$4)-$F$3)*MIN(1,MAX(0,1-MAX(0,($L38-$F$19))*0.3)),0)))) -> 0 | T38: =IF(S38="",T37,T37+S38) -> 0 | U38: =IF($K38="","",IF(OR($I38<$F$27,$I38>$F$42),0,MAX(0,$K38-$F$37))) -> 12.6 | V38: =IF(U38="",V37,V37+U38) -> 178.7 | W38: =H38 -> 36 | X38: =IF($I38="","",IF($I38<$F$27,$F$38,IF($I38<=$F$42,$F$38+($F$39*$V38)/100,$F$38+($F$39*INDEX($V:$V,$F$42))/100))) -> 0.43231 | Y38: =IF($I38="","",IF($I38<$F$27,0,IF($P38<=$F$6,$F$40,IF($P38>=$F$7,$F$41,$F$40+($F$41-$F$40)*($P38-$F$6)/($F$7-$F$6))))) -> 0.15
E39: PR (cm/°C) | F39: =SUMIFS(cultivo!$D:$D,cultivo!$A:$A,$B$2,cultivo!$C:$C,"PR") -> 0.13 | H39: =H38+1 -> 37 | I39: =$F$26+H39 -> 188 | J39: =IFERROR(INDEX(clima!$C:$C,$I39),"") -> 187 | K39: =IFERROR(INDEX(clima!$F:$F,$I39),"") -> 10.1 | L39: =IFERROR(INDEX(clima!$J:$J,$I39),"") -> 9.906441 | M39: =IF($K39="","",MAX(0,(IF($B$2="soja",MIN($K39,$F$4),$K39))-$F$2)) -> 10.1 | N39: =IF(M39="",N38,N38+M39) -> 328 | O39: =IF($K39="","",IF($I39<$F$27,0,MAX(0,(IF($B$2="soja",MIN($K39,$F$4),$K39))-$F$3))) -> 10.1 | P39: =IF(O39="",P38,P38+O39) -> 188.8 | Q39: =IF($K39="","",IF($I39<$F$27,0,IF($B$2="trigo",MAX(0,$K39-$F$2)*MAX(0,(1-(((20-MIN(20,$L39))^2)*(0.01*$F$8)))),IF($B$2="maiz",MAX(0,$K39-$F$3),IF($B$2="soja",MAX(0,MIN($K39,$F$4)-$F$3)*MIN(1,MAX(0,1-MAX(0,($L39-$F$17))*0.3)),0))))) -> 1.3536077 | R39: =IF(Q39="",R38,R38+Q39) -> 23.496154 | S39: =IF($K39="","",IF($I39<$F$28,0,IF($B$2="trigo",MAX(0,$K39),IF($B$2="soja",MAX(0,MIN($K39,$F$4)-$F$3)*MIN(1,MAX(0,1-MAX(0,($L39-$F$19))*0.3)),0)))) -> 0 | T39: =IF(S39="",T38,T38+S39) -> 0 | U39: =IF($K39="","",IF(OR($I39<$F$27,$I39>$F$42),0,MAX(0,$K39-$F$37))) -> 10.1 | V39: =IF(U39="",V38,V38+U39) -> 188.8 | W39: =H39 -> 37 | X39: =IF($I39="","",IF($I39<$F$27,$F$38,IF($I39<=$F$42,$F$38+($F$39*$V39)/100,$F$38+($F$39*INDEX($V:$V,$F$42))/100))) -> 0.44544 | Y39: =IF($I39="","",IF($I39<$F$27,0,IF($P39<=$F$6,$F$40,IF($P39>=$F$7,$F$41,$F$40+($F$41-$F$40)*($P39-$F$6)/($F$7-$F$6))))) -> 0.15
E40: KcbIni | F40: =SUMIFS(cultivo!$D:$D,cultivo!$A:$A,$B$2,cultivo!$C:$C,"KcbIni") -> 0.15 | H40: =H39+1 -> 38 | I40: =$F$26+H40 -> 189 | J40: =IFERROR(INDEX(clima!$C:$C,$I40),"") -> 188 | K40: =IFERROR(INDEX(clima!$F:$F,$I40),"") -> 12.6 | L40: =IFERROR(INDEX(clima!$J:$J,$I40),"") -> 9.9174603 | M40: =IF($K40="","",MAX(0,(IF($B$2="soja",MIN($K40,$F$4),$K40))-$F$2)) -> 12.6 | N40: =IF(M40="",N39,N39+M40) -> 340.6 | O40: =IF($K40="","",IF($I40<$F$27,0,MAX(0,(IF($B$2="soja",MIN($K40,$F$4),$K40))-$F$3))) -> 12.6 | P40: =IF(O40="",P39,P39+O40) -> 201.4 | Q40: =IF($K40="","",IF($I40<$F$27,0,IF($B$2="trigo",MAX(0,$K40-$F$2)*MAX(0,(1-(((20-MIN(20,$L40))^2)*(0.01*$F$8)))),IF($B$2="maiz",MAX(0,$K40-$F$3),IF($B$2="soja",MAX(0,MIN($K40,$F$4)-$F$3)*MIN(1,MAX(0,1-MAX(0,($L40-$F$17))*0.3)),0))))) -> 1.7124702 | R40: =IF(Q40="",R39,R39+Q40) -> 25.208624 | S40: =IF($K40="","",IF($I40<$F$28,0,IF($B$2="trigo",MAX(0,$K40),IF($B$2="soja",MAX(0,MIN($K40,$F$4)-$F$3)*MIN(1,MAX(0,1-MAX(0,($L40-$F$19))*0.3)),0)))) -> 0 | T40: =IF(S40="",T39,T39+S40) -> 0 | U40: =IF($K40="","",IF(OR($I40<$F$27,$I40>$F$42),0,MAX(0,$K40-$F$37))) -> 12.6 | V40: =IF(U40="",V39,V39+U40) -> 201.4 | W40: =H40 -> 38 | X40: =IF($I40="","",IF($I40<$F$27,$F$38,IF($I40<=$F$42,$F$38+($F$39*$V40)/100,$F$38+($F$39*INDEX($V:$V,$F$42))/100))) -> 0.46182 | Y40: =IF($I40="","",IF($I40<$F$27,0,IF($P40<=$F$6,$F$40,IF($P40>=$F$7,$F$41,$F$40+($F$41-$F$40)*($P40-$F$6)/($F$7-$F$6))))) -> 0.15
E41: KcbMax | F41: =SUMIFS(cultivo!$D:$D,cultivo!$A:$A,$B$2,cultivo!$C:$C,"KcbMax") -> 1.1 | H41: =H40+1 -> 39 | I41: =$F$26+H41 -> 190 | J41: =IFERROR(INDEX(clima!$C:$C,$I41),"") -> 189 | K41: =IFERROR(INDEX(clima!$F:$F,$I41),"") -> 8 | L41: =IFERROR(INDEX(clima!$J:$J,$I41),"") -> 9.9291605 | M41: =IF($K41="","",MAX(0,(IF($B$2="soja",MIN($K41,$F$4),$K41))-$F$2)) -> 8 | N41: =IF(M41="",N40,N40+M41) -> 348.6 | O41: =IF($K41="","",IF($I41<$F$27,0,MAX(0,(IF($B$2="soja",MIN($K41,$F$4),$K41))-$F$3))) -> 8 | P41: =IF(O41="",P40,P40+O41) -> 209.4 | Q41: =IF($K41="","",IF($I41<$F$27,0,IF($B$2="trigo",MAX(0,$K41-$F$2)*MAX(0,(1-(((20-MIN(20,$L41))^2)*(0.01*$F$8)))),IF($B$2="maiz",MAX(0,$K41-$F$3),IF($B$2="soja",MAX(0,MIN($K41,$F$4)-$F$3)*MIN(1,MAX(0,1-MAX(0,($L41-$F$17))*0.3)),0))))) -> 1.1033171 | R41: =IF(Q41="",R40,R40+Q41) -> 26.311941 | S41: =IF($K41="","",IF($I41<$F$28,0,IF($B$2="trigo",MAX(0,$K41),IF($B$2="soja",MAX(0,MIN($K41,$F$4)-$F$3)*MIN(1,MAX(0,1-MAX(0,($L41-$F$19))*0.3)),0)))) -> 0 | T41: =IF(S41="",T40,T40+S41) -> 0 | U41: =IF($K41="","",IF(OR($I41<$F$27,$I41>$F$42),0,MAX(0,$K41-$F$37))) -> 8 | V41: =IF(U41="",V40,V40+U41) -> 209.4 | W41: =H41 -> 39 | X41: =IF($I41="","",IF($I41<$F$27,$F$38,IF($I41<=$F$42,$F$38+($F$39*$V41)/100,$F$38+($F$39*INDEX($V:$V,$F$42))/100))) -> 0.47222 | Y41: =IF($I41="","",IF($I41<$F$27,0,IF($P41<=$F$6,$F$40,IF($P41>=$F$7,$F$41,$F$40+($F$41-$F$40)*($P41-$F$6)/($F$7-$F$6))))) -> 0.15
E42: fila_hito2 / fila_granoCuaje (cuaje de granos: Z71 trigo / R2 maiz / R5 soja) | F42: =IF($B$2="trigo",$F$28+COUNTIFS($I$2:$I$501,">="&$F$28,$T$2:$T$501,"<"&$F$43),IF($B$2="maiz",$F$28,IF($B$2="soja",$F$28+COUNTIFS($I$2:$I$501,">="&$F$28,$T$2:$T$501,"<"&$F$20),""))) -> 318 | H42: =H41+1 -> 40 | I42: =$F$26+H42 -> 191 | J42: =IFERROR(INDEX(clima!$C:$C,$I42),"") -> 190 | K42: =IFERROR(INDEX(clima!$F:$F,$I42),"") -> 7.3 | L42: =IFERROR(INDEX(clima!$J:$J,$I42),"") -> 9.9415342 | M42: =IF($K42="","",MAX(0,(IF($B$2="soja",MIN($K42,$F$4),$K42))-$F$2)) -> 7.3 | N42: =IF(M42="",N41,N41+M42) -> 355.9 | O42: =IF($K42="","",IF($I42<$F$27,0,MAX(0,(IF($B$2="soja",MIN($K42,$F$4),$K42))-$F$3))) -> 7.3 | P42: =IF(O42="",P41,P41+O42) -> 216.7 | Q42: =IF($K42="","",IF($I42<$F$27,0,IF($B$2="trigo",MAX(0,$K42-$F$2)*MAX(0,(1-(((20-MIN(20,$L42))^2)*(0.01*$F$8)))),IF($B$2="maiz",MAX(0,$K42-$F$3),IF($B$2="soja",MAX(0,MIN($K42,$F$4)-$F$3)*MIN(1,MAX(0,1-MAX(0,($L42-$F$17))*0.3)),0))))) -> 1.0222318 | R42: =IF(Q42="",R41,R41+Q42) -> 27.334173 | S42: =IF($K42="","",IF($I42<$F$28,0,IF($B$2="trigo",MAX(0,$K42),IF($B$2="soja",MAX(0,MIN($K42,$F$4)-$F$3)*MIN(1,MAX(0,1-MAX(0,($L42-$F$19))*0.3)),0)))) -> 0 | T42: =IF(S42="",T41,T41+S42) -> 0 | U42: =IF($K42="","",IF(OR($I42<$F$27,$I42>$F$42),0,MAX(0,$K42-$F$37))) -> 7.3 | V42: =IF(U42="",V41,V41+U42) -> 216.7 | W42: =H42 -> 40 | X42: =IF($I42="","",IF($I42<$F$27,$F$38,IF($I42<=$F$42,$F$38+($F$39*$V42)/100,$F$38+($F$39*INDEX($V:$V,$F$42))/100))) -> 0.48171 | Y42: =IF($I42="","",IF($I42<$F$27,0,IF($P42<=$F$6,$F$40,IF($P42>=$F$7,$F$41,$F$40+($F$41-$F$40)*($P42-$F$6)/($F$7-$F$6))))) -> 0.15
E43: UT_ET-Z71 (trigo) | F43: =IF($B$2="trigo",SUMIFS(cultivo!$D:$D,cultivo!$A:$A,"trigo",cultivo!$C:$C,"UT_ET-Z71"),"") -> 700 | H43: =H42+1 -> 41 | I43: =$F$26+H43 -> 192 | J43: =IFERROR(INDEX(clima!$C:$C,$I43),"") -> 191 | K43: =IFERROR(INDEX(clima!$F:$F,$I43),"") -> 5.9 | L43: =IFERROR(INDEX(clima!$J:$J,$I43),"") -> 9.9545733 | M43: =IF($K43="","",MAX(0,(IF($B$2="soja",MIN($K43,$F$4),$K43))-$F$2)) -> 5.9 | N43: =IF(M43="",N42,N42+M43) -> 361.8 | O43: =IF($K43="","",IF($I43<$F$27,0,MAX(0,(IF($B$2="soja",MIN($K43,$F$4),$K43))-$F$3))) -> 5.9 | P43: =IF(O43="",P42,P42+O43) -> 222.6 | Q43: =IF($K43="","",IF($I43<$F$27,0,IF($B$2="trigo",MAX(0,$K43-$F$2)*MAX(0,(1-(((20-MIN(20,$L43))^2)*(0.01*$F$8)))),IF($B$2="maiz",MAX(0,$K43-$F$3),IF($B$2="soja",MAX(0,MIN($K43,$F$4)-$F$3)*MIN(1,MAX(0,1-MAX(0,($L43-$F$17))*0.3)),0))))) -> 0.83933357 | R43: =IF(Q43="",R42,R42+Q43) -> 28.173506 | S43: =IF($K43="","",IF($I43<$F$28,0,IF($B$2="trigo",MAX(0,$K43),IF($B$2="soja",MAX(0,MIN($K43,$F$4)-$F$3)*MIN(1,MAX(0,1-MAX(0,($L43-$F$19))*0.3)),0)))) -> 0 | T43: =IF(S43="",T42,T42+S43) -> 0 | U43: =IF($K43="","",IF(OR($I43<$F$27,$I43>$F$42),0,MAX(0,$K43-$F$37))) -> 5.9 | V43: =IF(U43="",V42,V42+U43) -> 222.6 | W43: =H43 -> 41 | X43: =IF($I43="","",IF($I43<$F$27,$F$38,IF($I43<=$F$42,$F$38+($F$39*$V43)/100,$F$38+($F$39*INDEX($V:$V,$F$42))/100))) -> 0.48938 | Y43: =IF($I43="","",IF($I43<$F$27,0,IF($P43<=$F$6,$F$40,IF($P43>=$F$7,$F$41,$F$40+($F$41-$F$40)*($P43-$F$6)/($F$7-$F$6))))) -> 0.15
H44: =H43+1 -> 42 | I44: =$F$26+H44 -> 193 | J44: =IFERROR(INDEX(clima!$C:$C,$I44),"") -> 192 | K44: =IFERROR(INDEX(clima!$F:$F,$I44),"") -> 5.8 | L44: =IFERROR(INDEX(clima!$J:$J,$I44),"") -> 9.9682697 | M44: =IF($K44="","",MAX(0,(IF($B$2="soja",MIN($K44,$F$4),$K44))-$F$2)) -> 5.8 | N44: =IF(M44="",N43,N43+M44) -> 367.6 | O44: =IF($K44="","",IF($I44<$F$27,0,MAX(0,(IF($B$2="soja",MIN($K44,$F$4),$K44))-$F$3))) -> 5.8 | P44: =IF(O44="",P43,P43+O44) -> 228.4 | Q44: =IF($K44="","",IF($I44<$F$27,0,IF($B$2="trigo",MAX(0,$K44-$F$2)*MAX(0,(1-(((20-MIN(20,$L44))^2)*(0.01*$F$8)))),IF($B$2="maiz",MAX(0,$K44-$F$3),IF($B$2="soja",MAX(0,MIN($K44,$F$4)-$F$3)*MIN(1,MAX(0,1-MAX(0,($L44-$F$17))*0.3)),0))))) -> 0.83866428 | R44: =IF(Q44="",R43,R43+Q44) -> 29.012171 | S44: =IF($K44="","",IF($I44<$F$28,0,IF($B$2="trigo",MAX(0,$K44),IF($B$2="soja",MAX(0,MIN($K44,$F$4)-$F$3)*MIN(1,MAX(0,1-MAX(0,($L44-$F$19))*0.3)),0)))) -> 0 | T44: =IF(S44="",T43,T43+S44) -> 0 | U44: =IF($K44="","",IF(OR($I44<$F$27,$I44>$F$42),0,MAX(0,$K44-$F$37))) -> 5.8 | V44: =IF(U44="",V43,V43+U44) -> 228.4 | W44: =H44 -> 42 | X44: =IF($I44="","",IF($I44<$F$27,$F$38,IF($I44<=$F$42,$F$38+($F$39*$V44)/100,$F$38+($F$39*INDEX($V:$V,$F$42))/100))) -> 0.49692 | Y44: =IF($I44="","",IF($I44<$F$27,0,IF($P44<=$F$6,$F$40,IF($P44>=$F$7,$F$41,$F$40+($F$41-$F$40)*($P44-$F$6)/($F$7-$F$6))))) -> 0.15
H45: =H44+1 -> 43 | I45: =$F$26+H45 -> 194 | J45: =IFERROR(INDEX(clima!$C:$C,$I45),"") -> 193 | K45: =IFERROR(INDEX(clima!$F:$F,$I45),"") -> 5.7 | L45: =IFERROR(INDEX(clima!$J:$J,$I45),"") -> 9.9826147 | M45: =IF($K45="","",MAX(0,(IF($B$2="soja",MIN($K45,$F$4),$K45))-$F$2)) -> 5.7 | N45: =IF(M45="",N44,N44+M45) -> 373.3 | O45: =IF($K45="","",IF($I45<$F$27,0,MAX(0,(IF($B$2="soja",MIN($K45,$F$4),$K45))-$F$3))) -> 5.7 | P45: =IF(O45="",P44,P44+O45) -> 234.1 | Q45: =IF($K45="","",IF($I45<$F$27,0,IF($B$2="trigo",MAX(0,$K45-$F$2)*MAX(0,(1-(((20-MIN(20,$L45))^2)*(0.01*$F$8)))),IF($B$2="maiz",MAX(0,$K45-$F$3),IF($B$2="soja",MAX(0,MIN($K45,$F$4)-$F$3)*MIN(1,MAX(0,1-MAX(0,($L45-$F$17))*0.3)),0))))) -> 0.83813897 | R45: =IF(Q45="",R44,R44+Q45) -> 29.85031 | S45: =IF($K45="","",IF($I45<$F$28,0,IF($B$2="trigo",MAX(0,$K45),IF($B$2="soja",MAX(0,MIN($K45,$F$4)-$F$3)*MIN(1,MAX(0,1-MAX(0,($L45-$F$19))*0.3)),0)))) -> 0 | T45: =IF(S45="",T44,T44+S45) -> 0 | U45: =IF($K45="","",IF(OR($I45<$F$27,$I45>$F$42),0,MAX(0,$K45-$F$37))) -> 5.7 | V45: =IF(U45="",V44,V44+U45) -> 234.1 | W45: =H45 -> 43 | X45: =IF($I45="","",IF($I45<$F$27,$F$38,IF($I45<=$F$42,$F$38+($F$39*$V45)/100,$F$38+($F$39*INDEX($V:$V,$F$42))/100))) -> 0.50433 | Y45: =IF($I45="","",IF($I45<$F$27,0,IF($P45<=$F$6,$F$40,IF($P45>=$F$7,$F$41,$F$40+($F$41-$F$40)*($P45-$F$6)/($F$7-$F$6))))) -> 0.15
H46: =H45+1 -> 44 | I46: =$F$26+H46 -> 195 | J46: =IFERROR(INDEX(clima!$C:$C,$I46),"") -> 194 | K46: =IFERROR(INDEX(clima!$F:$F,$I46),"") -> 9.7 | L46: =IFERROR(INDEX(clima!$J:$J,$I46),"") -> 9.9975993 | M46: =IF($K46="","",MAX(0,(IF($B$2="soja",MIN($K46,$F$4),$K46))-$F$2)) -> 9.7 | N46: =IF(M46="",N45,N45+M46) -> 383 | O46: =IF($K46="","",IF($I46<$F$27,0,MAX(0,(IF($B$2="soja",MIN($K46,$F$4),$K46))-$F$3))) -> 9.7 | P46: =IF(O46="",P45,P45+O46) -> 243.8 | Q46: =IF($K46="","",IF($I46<$F$27,0,IF($B$2="trigo",MAX(0,$K46-$F$2)*MAX(0,(1-(((20-MIN(20,$L46))^2)*(0.01*$F$8)))),IF($B$2="maiz",MAX(0,$K46-$F$3),IF($B$2="soja",MAX(0,MIN($K46,$F$4)-$F$3)*MIN(1,MAX(0,1-MAX(0,($L46-$F$17))*0.3)),0))))) -> 1.4510408 | R46: =IF(Q46="",R45,R45+Q46) -> 31.301351 | S46: =IF($K46="","",IF($I46<$F$28,0,IF($B$2="trigo",MAX(0,$K46),IF($B$2="soja",MAX(0,MIN($K46,$F$4)-$F$3)*MIN(1,MAX(0,1-MAX(0,($L46-$F$19))*0.3)),0)))) -> 0 | T46: =IF(S46="",T45,T45+S46) -> 0 | U46: =IF($K46="","",IF(OR($I46<$F$27,$I46>$F$42),0,MAX(0,$K46-$F$37))) -> 9.7 | V46: =IF(U46="",V45,V45+U46) -> 243.8 | W46: =H46 -> 44 | X46: =IF($I46="","",IF($I46<$F$27,$F$38,IF($I46<=$F$42,$F$38+($F$39*$V46)/100,$F$38+($F$39*INDEX($V:$V,$F$42))/100))) -> 0.51694 | Y46: =IF($I46="","",IF($I46<$F$27,0,IF($P46<=$F$6,$F$40,IF($P46>=$F$7,$F$41,$F$40+($F$41-$F$40)*($P46-$F$6)/($F$7-$F$6))))) -> 0.15
H47: =H46+1 -> 45 | I47: =$F$26+H47 -> 196 | J47: =IFERROR(INDEX(clima!$C:$C,$I47),"") -> 195 | K47: =IFERROR(INDEX(clima!$F:$F,$I47),"") -> 11.4 | L47: =IFERROR(INDEX(clima!$J:$J,$I47),"") -> 10.013215 | M47: =IF($K47="","",MAX(0,(IF($B$2="soja",MIN($K47,$F$4),$K47))-$F$2)) -> 11.4 | N47: =IF(M47="",N46,N46+M47) -> 394.4 | O47: =IF($K47="","",IF($I47<$F$27,0,MAX(0,(IF($B$2="soja",MIN($K47,$F$4),$K47))-$F$3))) -> 11.4 | P47: =IF(O47="",P46,P46+O47) -> 255.2 | Q47: =IF($K47="","",IF($I47<$F$27,0,IF($B$2="trigo",MAX(0,$K47-$F$2)*MAX(0,(1-(((20-MIN(20,$L47))^2)*(0.01*$F$8)))),IF($B$2="maiz",MAX(0,$K47-$F$3),IF($B$2="soja",MAX(0,MIN($K47,$F$4)-$F$3)*MIN(1,MAX(0,1-MAX(0,($L47-$F$17))*0.3)),0))))) -> 1.7355928 | R47: =IF(Q47="",R46,R46+Q47) -> 33.036943 | S47: =IF($K47="","",IF($I47<$F$28,0,IF($B$2="trigo",MAX(0,$K47),IF($B$2="soja",MAX(0,MIN($K47,$F$4)-$F$3)*MIN(1,MAX(0,1-MAX(0,($L47-$F$19))*0.3)),0)))) -> 0 | T47: =IF(S47="",T46,T46+S47) -> 0 | U47: =IF($K47="","",IF(OR($I47<$F$27,$I47>$F$42),0,MAX(0,$K47-$F$37))) -> 11.4 | V47: =IF(U47="",V46,V46+U47) -> 255.2 | W47: =H47 -> 45 | X47: =IF($I47="","",IF($I47<$F$27,$F$38,IF($I47<=$F$42,$F$38+($F$39*$V47)/100,$F$38+($F$39*INDEX($V:$V,$F$42))/100))) -> 0.53176 | Y47: =IF($I47="","",IF($I47<$F$27,0,IF($P47<=$F$6,$F$40,IF($P47>=$F$7,$F$41,$F$40+($F$41-$F$40)*($P47-$F$6)/($F$7-$F$6))))) -> 0.15
H48: =H47+1 -> 46 | I48: =$F$26+H48 -> 197 | J48: =IFERROR(INDEX(clima!$C:$C,$I48),"") -> 196 | K48: =IFERROR(INDEX(clima!$F:$F,$I48),"") -> 8.3 | L48: =IFERROR(INDEX(clima!$J:$J,$I48),"") -> 10.029451 | M48: =IF($K48="","",MAX(0,(IF($B$2="soja",MIN($K48,$F$4),$K48))-$F$2)) -> 8.3 | N48: =IF(M48="",N47,N47+M48) -> 402.7 | O48: =IF($K48="","",IF($I48<$F$27,0,MAX(0,(IF($B$2="soja",MIN($K48,$F$4),$K48))-$F$3))) -> 8.3 | P48: =IF(O48="",P47,P47+O48) -> 263.5 | Q48: =IF($K48="","",IF($I48<$F$27,0,IF($B$2="trigo",MAX(0,$K48-$F$2)*MAX(0,(1-(((20-MIN(20,$L48))^2)*(0.01*$F$8)))),IF($B$2="maiz",MAX(0,$K48-$F$3),IF($B$2="soja",MAX(0,MIN($K48,$F$4)-$F$3)*MIN(1,MAX(0,1-MAX(0,($L48-$F$17))*0.3)),0))))) -> 1.2864938 | R48: =IF(Q48="",R47,R47+Q48) -> 34.323437 | S48: =IF($K48="","",IF($I48<$F$28,0,IF($B$2="trigo",MAX(0,$K48),IF($B$2="soja",MAX(0,MIN($K48,$F$4)-$F$3)*MIN(1,MAX(0,1-MAX(0,($L48-$F$19))*0.3)),0)))) -> 0 | T48: =IF(S48="",T47,T47+S48) -> 0 | U48: =IF($K48="","",IF(OR($I48<$F$27,$I48>$F$42),0,MAX(0,$K48-$F$37))) -> 8.3 | V48: =IF(U48="",V47,V47+U48) -> 263.5 | W48: =H48 -> 46 | X48: =IF($I48="","",IF($I48<$F$27,$F$38,IF($I48<=$F$42,$F$38+($F$39*$V48)/100,$F$38+($F$39*INDEX($V:$V,$F$42))/100))) -> 0.54255 | Y48: =IF($I48="","",IF($I48<$F$27,0,IF($P48<=$F$6,$F$40,IF($P48>=$F$7,$F$41,$F$40+($F$41-$F$40)*($P48-$F$6)/($F$7-$F$6))))) -> 0.15
H49: =H48+1 -> 47 | I49: =$F$26+H49 -> 198 | J49: =IFERROR(INDEX(clima!$C:$C,$I49),"") -> 197 | K49: =IFERROR(INDEX(clima!$F:$F,$I49),"") -> 5.2 | L49: =IFERROR(INDEX(clima!$J:$J,$I49),"") -> 10.046298 | M49: =IF($K49="","",MAX(0,(IF($B$2="soja",MIN($K49,$F$4),$K49))-$F$2)) -> 5.2 | N49: =IF(M49="",N48,N48+M49) -> 407.9 | O49: =IF($K49="","",IF($I49<$F$27,0,MAX(0,(IF($B$2="soja",MIN($K49,$F$4),$K49))-$F$3))) -> 5.2 | P49: =IF(O49="",P48,P48+O49) -> 268.7 | Q49: =IF($K49="","",IF($I49<$F$27,0,IF($B$2="trigo",MAX(0,$K49-$F$2)*MAX(0,(1-(((20-MIN(20,$L49))^2)*(0.01*$F$8)))),IF($B$2="maiz",MAX(0,$K49-$F$3),IF($B$2="soja",MAX(0,MIN($K49,$F$4)-$F$3)*MIN(1,MAX(0,1-MAX(0,($L49-$F$17))*0.3)),0))))) -> 0.82083293 | R49: =IF(Q49="",R48,R48+Q49) -> 35.14427 | S49: =IF($K49="","",IF($I49<$F$28,0,IF($B$2="trigo",MAX(0,$K49),IF($B$2="soja",MAX(0,MIN($K49,$F$4)-$F$3)*MIN(1,MAX(0,1-MAX(0,($L49-$F$19))*0.3)),0)))) -> 0 | T49: =IF(S49="",T48,T48+S49) -> 0 | U49: =IF($K49="","",IF(OR($I49<$F$27,$I49>$F$42),0,MAX(0,$K49-$F$37))) -> 5.2 | V49: =IF(U49="",V48,V48+U49) -> 268.7 | W49: =H49 -> 47 | X49: =IF($I49="","",IF($I49<$F$27,$F$38,IF($I49<=$F$42,$F$38+($F$39*$V49)/100,$F$38+($F$39*INDEX($V:$V,$F$42))/100))) -> 0.54931 | Y49: =IF($I49="","",IF($I49<$F$27,0,IF($P49<=$F$6,$F$40,IF($P49>=$F$7,$F$41,$F$40+($F$41-$F$40)*($P49-$F$6)/($F$7-$F$6))))) -> 0.15
H50: =H49+1 -> 48 | I50: =$F$26+H50 -> 199 | J50: =IFERROR(INDEX(clima!$C:$C,$I50),"") -> 198 | K50: =IFERROR(INDEX(clima!$F:$F,$I50),"") -> 4.4 | L50: =IFERROR(INDEX(clima!$J:$J,$I50),"") -> 10.063747 | M50: =IF($K50="","",MAX(0,(IF($B$2="soja",MIN($K50,$F$4),$K50))-$F$2)) -> 4.4 | N50: =IF(M50="",N49,N49+M50) -> 412.3 | O50: =IF($K50="","",IF($I50<$F$27,0,MAX(0,(IF($B$2="soja",MIN($K50,$F$4),$K50))-$F$3))) -> 4.4 | P50: =IF(O50="",P49,P49+O50) -> 273.1 | Q50: =IF($K50="","",IF($I50<$F$27,0,IF($B$2="trigo",MAX(0,$K50-$F$2)*MAX(0,(1-(((20-MIN(20,$L50))^2)*(0.01*$F$8)))),IF($B$2="maiz",MAX(0,$K50-$F$3),IF($B$2="soja",MAX(0,MIN($K50,$F$4)-$F$3)*MIN(1,MAX(0,1-MAX(0,($L50-$F$17))*0.3)),0))))) -> 0.70753089 | R50: =IF(Q50="",R49,R49+Q50) -> 35.851801 | S50: =IF($K50="","",IF($I50<$F$28,0,IF($B$2="trigo",MAX(0,$K50),IF($B$2="soja",MAX(0,MIN($K50,$F$4)-$F$3)*MIN(1,MAX(0,1-MAX(0,($L50-$F$19))*0.3)),0)))) -> 0 | T50: =IF(S50="",T49,T49+S50) -> 0 | U50: =IF($K50="","",IF(OR($I50<$F$27,$I50>$F$42),0,MAX(0,$K50-$F$37))) -> 4.4 | V50: =IF(U50="",V49,V49+U50) -> 273.1 | W50: =H50 -> 48 | X50: =IF($I50="","",IF($I50<$F$27,$F$38,IF($I50<=$F$42,$F$38+($F$39*$V50)/100,$F$38+($F$39*INDEX($V:$V,$F$42))/100))) -> 0.55503 | Y50: =IF($I50="","",IF($I50<$F$27,0,IF($P50<=$F$6,$F$40,IF($P50>=$F$7,$F$41,$F$40+($F$41-$F$40)*($P50-$F$6)/($F$7-$F$6))))) -> 0.15
H51: =H50+1 -> 49 | I51: =$F$26+H51 -> 200 | J51: =IFERROR(INDEX(clima!$C:$C,$I51),"") -> 199 | K51: =IFERROR(INDEX(clima!$F:$F,$I51),"") -> 5.4 | L51: =IFERROR(INDEX(clima!$J:$J,$I51),"") -> 10.081787 | M51: =IF($K51="","",MAX(0,(IF($B$2="soja",MIN($K51,$F$4),$K51))-$F$2)) -> 5.4 | N51: =IF(M51="",N50,N50+M51) -> 417.7 | O51: =IF($K51="","",IF($I51<$F$27,0,MAX(0,(IF($B$2="soja",MIN($K51,$F$4),$K51))-$F$3))) -> 5.4 | P51: =IF(O51="",P50,P50+O51) -> 278.5 | Q51: =IF($K51="","",IF($I51<$F$27,0,IF($B$2="trigo",MAX(0,$K51-$F$2)*MAX(0,(1-(((20-MIN(20,$L51))^2)*(0.01*$F$8)))),IF($B$2="maiz",MAX(0,$K51-$F$3),IF($B$2="soja",MAX(0,MIN($K51,$F$4)-$F$3)*MIN(1,MAX(0,1-MAX(0,($L51-$F$17))*0.3)),0))))) -> 0.88477362 | R51: =IF(Q51="",R50,R50+Q51) -> 36.736575 | S51: =IF($K51="","",IF($I51<$F$28,0,IF($B$2="trigo",MAX(0,$K51),IF($B$2="soja",MAX(0,MIN($K51,$F$4)-$F$3)*MIN(1,MAX(0,1-MAX(0,($L51-$F$19))*0.3)),0)))) -> 0 | T51: =IF(S51="",T50,T50+S51) -> 0 | U51: =IF($K51="","",IF(OR($I51<$F$27,$I51>$F$42),0,MAX(0,$K51-$F$37))) -> 5.4 | V51: =IF(U51="",V50,V50+U51) -> 278.5 | W51: =H51 -> 49 | X51: =IF($I51="","",IF($I51<$F$27,$F$38,IF($I51<=$F$42,$F$38+($F$39*$V51)/100,$F$38+($F$39*INDEX($V:$V,$F$42))/100))) -> 0.56205 | Y51: =IF($I51="","",IF($I51<$F$27,0,IF($P51<=$F$6,$F$40,IF($P51>=$F$7,$F$41,$F$40+($F$41-$F$40)*($P51-$F$6)/($F$7-$F$6))))) -> 0.15
H52: =H51+1 -> 50 | I52: =$F$26+H52 -> 201 | J52: =IFERROR(INDEX(clima!$C:$C,$I52),"") -> 200 | K52: =IFERROR(INDEX(clima!$F:$F,$I52),"") -> 6.8 | L52: =IFERROR(INDEX(clima!$J:$J,$I52),"") -> 10.100408 | M52: =IF($K52="","",MAX(0,(IF($B$2="soja",MIN($K52,$F$4),$K52))-$F$2)) -> 6.8 | N52: =IF(M52="",N51,N51+M52) -> 424.5 | O52: =IF($K52="","",IF($I52<$F$27,0,MAX(0,(IF($B$2="soja",MIN($K52,$F$4),$K52))-$F$3))) -> 6.8 | P52: =IF(O52="",P51,P51+O52) -> 285.3 | Q52: =IF($K52="","",IF($I52<$F$27,0,IF($B$2="trigo",MAX(0,$K52-$F$2)*MAX(0,(1-(((20-MIN(20,$L52))^2)*(0.01*$F$8)))),IF($B$2="maiz",MAX(0,$K52-$F$3),IF($B$2="soja",MAX(0,MIN($K52,$F$4)-$F$3)*MIN(1,MAX(0,1-MAX(0,($L52-$F$17))*0.3)),0))))) -> 1.135489 | R52: =IF(Q52="",R51,R51+Q52) -> 37.872064 | S52: =IF($K52="","",IF($I52<$F$28,0,IF($B$2="trigo",MAX(0,$K52),IF($B$2="soja",MAX(0,MIN($K52,$F$4)-$F$3)*MIN(1,MAX(0,1-MAX(0,($L52-$F$19))*0.3)),0)))) -> 0 | T52: =IF(S52="",T51,T51+S52) -> 0 | U52: =IF($K52="","",IF(OR($I52<$F$27,$I52>$F$42),0,MAX(0,$K52-$F$37))) -> 6.8 | V52: =IF(U52="",V51,V51+U52) -> 285.3 | W52: =H52 -> 50 | X52: =IF($I52="","",IF($I52<$F$27,$F$38,IF($I52<=$F$42,$F$38+($F$39*$V52)/100,$F$38+($F$39*INDEX($V:$V,$F$42))/100))) -> 0.57089 | Y52: =IF($I52="","",IF($I52<$F$27,0,IF($P52<=$F$6,$F$40,IF($P52>=$F$7,$F$41,$F$40+($F$41-$F$40)*($P52-$F$6)/($F$7-$F$6))))) -> 0.15
H53: =H52+1 -> 51 | I53: =$F$26+H53 -> 202 | J53: =IFERROR(INDEX(clima!$C:$C,$I53),"") -> 201 | K53: =IFERROR(INDEX(clima!$F:$F,$I53),"") -> 7.3 | L53: =IFERROR(INDEX(clima!$J:$J,$I53),"") -> 10.119599 | M53: =IF($K53="","",MAX(0,(IF($B$2="soja",MIN($K53,$F$4),$K53))-$F$2)) -> 7.3 | N53: =IF(M53="",N52,N52+M53) -> 431.8 | O53: =IF($K53="","",IF($I53<$F$27,0,MAX(0,(IF($B$2="soja",MIN($K53,$F$4),$K53))-$F$3))) -> 7.3 | P53: =IF(O53="",P52,P52+O53) -> 292.6 | Q53: =IF($K53="","",IF($I53<$F$27,0,IF($B$2="trigo",MAX(0,$K53-$F$2)*MAX(0,(1-(((20-MIN(20,$L53))^2)*(0.01*$F$8)))),IF($B$2="maiz",MAX(0,$K53-$F$3),IF($B$2="soja",MAX(0,MIN($K53,$F$4)-$F$3)*MIN(1,MAX(0,1-MAX(0,($L53-$F$17))*0.3)),0))))) -> 1.242535 | R53: =IF(Q53="",R52,R52+Q53) -> 39.114599 | S53: =IF($K53="","",IF($I53<$F$28,0,IF($B$2="trigo",MAX(0,$K53),IF($B$2="soja",MAX(0,MIN($K53,$F$4)-$F$3)*MIN(1,MAX(0,1-MAX(0,($L53-$F$19))*0.3)),0)))) -> 0 | T53: =IF(S53="",T52,T52+S53) -> 0 | U53: =IF($K53="","",IF(OR($I53<$F$27,$I53>$F$42),0,MAX(0,$K53-$F$37))) -> 7.3 | V53: =IF(U53="",V52,V52+U53) -> 292.6 | W53: =H53 -> 51 | X53: =IF($I53="","",IF($I53<$F$27,$F$38,IF($I53<=$F$42,$F$38+($F$39*$V53)/100,$F$38+($F$39*INDEX($V:$V,$F$42))/100))) -> 0.58038 | Y53: =IF($I53="","",IF($I53<$F$27,0,IF($P53<=$F$6,$F$40,IF($P53>=$F$7,$F$41,$F$40+($F$41-$F$40)*($P53-$F$6)/($F$7-$F$6))))) -> 0.15
H54: =H53+1 -> 52 | I54: =$F$26+H54 -> 203 | J54: =IFERROR(INDEX(clima!$C:$C,$I54),"") -> 202 | K54: =IFERROR(INDEX(clima!$F:$F,$I54),"") -> 6.9 | L54: =IFERROR(INDEX(clima!$J:$J,$I54),"") -> 10.13935 | M54: =IF($K54="","",MAX(0,(IF($B$2="soja",MIN($K54,$F$4),$K54))-$F$2)) -> 6.9 | N54: =IF(M54="",N53,N53+M54) -> 438.7 | O54: =IF($K54="","",IF($I54<$F$27,0,MAX(0,(IF($B$2="soja",MIN($K54,$F$4),$K54))-$F$3))) -> 6.9 | P54: =IF(O54="",P53,P53+O54) -> 299.5 | Q54: =IF($K54="","",IF($I54<$F$27,0,IF($B$2="trigo",MAX(0,$K54-$F$2)*MAX(0,(1-(((20-MIN(20,$L54))^2)*(0.01*$F$8)))),IF($B$2="maiz",MAX(0,$K54-$F$3),IF($B$2="soja",MAX(0,MIN($K54,$F$4)-$F$3)*MIN(1,MAX(0,1-MAX(0,($L54-$F$17))*0.3)),0))))) -> 1.1973184 | R54: =IF(Q54="",R53,R53+Q54) -> 40.311917 | S54: =IF($K54="","",IF($I54<$F$28,0,IF($B$2="trigo",MAX(0,$K54),IF($B$2="soja",MAX(0,MIN($K54,$F$4)-$F$3)*MIN(1,MAX(0,1-MAX(0,($L54-$F$19))*0.3)),0)))) -> 0 | T54: =IF(S54="",T53,T53+S54) -> 0 | U54: =IF($K54="","",IF(OR($I54<$F$27,$I54>$F$42),0,MAX(0,$K54-$F$37))) -> 6.9 | V54: =IF(U54="",V53,V53+U54) -> 299.5 | W54: =H54 -> 52 | X54: =IF($I54="","",IF($I54<$F$27,$F$38,IF($I54<=$F$42,$F$38+($F$39*$V54)/100,$F$38+($F$39*INDEX($V:$V,$F$42))/100))) -> 0.58935 | Y54: =IF($I54="","",IF($I54<$F$27,0,IF($P54<=$F$6,$F$40,IF($P54>=$F$7,$F$41,$F$40+($F$41-$F$40)*($P54-$F$6)/($F$7-$F$6))))) -> 0.15
H55: =H54+1 -> 53 | I55: =$F$26+H55 -> 204 | J55: =IFERROR(INDEX(clima!$C:$C,$I55),"") -> 203 | K55: =IFERROR(INDEX(clima!$F:$F,$I55),"") -> 7.5 | L55: =IFERROR(INDEX(clima!$J:$J,$I55),"") -> 10.159649 | M55: =IF($K55="","",MAX(0,(IF($B$2="soja",MIN($K55,$F$4),$K55))-$F$2)) -> 7.5 | N55: =IF(M55="",N54,N54+M55) -> 446.2 | O55: =IF($K55="","",IF($I55<$F$27,0,MAX(0,(IF($B$2="soja",MIN($K55,$F$4),$K55))-$F$3))) -> 7.5 | P55: =IF(O55="",P54,P54+O55) -> 307 | Q55: =IF($K55="","",IF($I55<$F$27,0,IF($B$2="trigo",MAX(0,$K55-$F$2)*MAX(0,(1-(((20-MIN(20,$L55))^2)*(0.01*$F$8)))),IF($B$2="maiz",MAX(0,$K55-$F$3),IF($B$2="soja",MAX(0,MIN($K55,$F$4)-$F$3)*MIN(1,MAX(0,1-MAX(0,($L55-$F$17))*0.3)),0))))) -> 1.3269277 | R55: =IF(Q55="",R54,R54+Q55) -> 41.638845 | S55: =IF($K55="","",IF($I55<$F$28,0,IF($B$2="trigo",MAX(0,$K55),IF($B$2="soja",MAX(0,MIN($K55,$F$4)-$F$3)*MIN(1,MAX(0,1-MAX(0,($L55-$F$19))*0.3)),0)))) -> 0 | T55: =IF(S55="",T54,T54+S55) -> 0 | U55: =IF($K55="","",IF(OR($I55<$F$27,$I55>$F$42),0,MAX(0,$K55-$F$37))) -> 7.5 | V55: =IF(U55="",V54,V54+U55) -> 307 | W55: =H55 -> 53 | X55: =IF($I55="","",IF($I55<$F$27,$F$38,IF($I55<=$F$42,$F$38+($F$39*$V55)/100,$F$38+($F$39*INDEX($V:$V,$F$42))/100))) -> 0.5991 | Y55: =IF($I55="","",IF($I55<$F$27,0,IF($P55<=$F$6,$F$40,IF($P55>=$F$7,$F$41,$F$40+($F$41-$F$40)*($P55-$F$6)/($F$7-$F$6))))) -> 0.1595
... H501: =H500+1 -> 499 | I501: =$F$26+H501 -> 650 | J501: =IFERROR(INDEX(clima!$C:$C,$I501),"") -> 0 | K501: =IFERROR(INDEX(clima!$F:$F,$I501),"") -> 0 | L501: =IFERROR(INDEX(clima!$J:$J,$I501),"") -> 0 | M501: =IF($K501="","",MAX(0,(IF($B$2="soja",MIN($K501,$F$4),$K501))-$F$2)) -> 0 | N501: =IF(M501="",N500,N500+M501) -> 6505.7 | O501: =IF($K501="","",IF($I501<$F$27,0,MAX(0,(IF($B$2="soja",MIN($K501,$F$4),$K501))-$F$3))) -> 0 | P501: =IF(O501="",P500,P500+O501) -> 6366.5 | Q501: =IF($K501="","",IF($I501<$F$27,0,IF($B$2="trigo",MAX(0,$K501-$F$2)*MAX(0,(1-(((20-MIN(20,$L501))^2)*(0.01*$F$8)))),IF($B$2="maiz",MAX(0,$K501-$F$3),IF($B$2="soja",MAX(0,MIN($K501,$F$4)-$F$3)*MIN(1,MAX(0,1-MAX(0,($L501-$F$17))*0.3)),0))))) -> 0 | R501: =IF(Q501="",R500,R500+Q501) -> 3163.4097 | S501: =IF($K501="","",IF($I501<$F$28,0,IF($B$2="trigo",MAX(0,$K501),IF($B$2="soja",MAX(0,MIN($K501,$F$4)-$F$3)*MIN(1,MAX(0,1-MAX(0,($L501-$F$19))*0.3)),0)))) -> 0 | T501: =IF(S501="",T500,T500+S501) -> 5130.7 | U501: =IF($K501="","",IF(OR($I501<$F$27,$I501>$F$42),0,MAX(0,$K501-$F$37))) -> 0 | V501: =IF(U501="",V500,V500+U501) -> 1945.9 | W501: =H501 -> 499 | X501: =IF($I501="","",IF($I501<$F$27,$F$38,IF($I501<=$F$42,$F$38+($F$39*$V501)/100,$F$38+($F$39*INDEX($V:$V,$F$42))/100))) -> 2.72967 | Y501: =IF($I501="","",IF($I501<$F$27,0,IF($P501<=$F$6,$F$40,IF($P501>=$F$7,$F$41,$F$40+($F$41-$F$40)*($P501-$F$6)/($F$7-$F$6))))) -> 1.1

Sheet Balance Hidrico
A1: Fecha | B1: Rastrojo | C1: Condicion Inicial | Q1: Abstracción inicial | R1: Escorrentia | S1: Infiltración | T1: Drenaje final | U1: Demanda transpirativa | V1: Demanda evaporativa | W1: Aguadisponible | AC1: Sandwich seco | AD1: Tasa prof radical | AE1: Limitacion hidrica | AF1: Profundidad radical corregida | AG1: Contenido hídrico | AO1: Agua Transpirable | AX1: Transpiración Real | AY1: Transpiración Real remanente | BH1: Agua evaporable Fácil | BI1: Agua evaporable Remanente | BJ1: Evaporación Real | BK1: Contenido hídrico - vapor | BS1: Drenaje interno | CA1: Contenido hídrico prefinal | CI1: Mete (agua sobre saturación)
A2: 30376 | B2: 0.8 | C2: Ini% | D2: 0.9 | E2: 0.9 | F2: 0.9 | G2: 0.9 | H2: 0.9 | I2: 0.9 | J2: 0.9 | K2: 0.9 | L2: 30803 | R2: =SUBTOTAL(9,R5:R491) -> 261.64693 | S2: =SUBTOTAL(9,S5:S491) -> 983.15307 | T2: =SUBTOTAL(9,T5:T491) -> 29.106608 | U2: =SUBTOTAL(9,U5:U491) -> 683.33859 | V2: =SUBTOTAL(9,V5:V491) -> 619.15006 | W2: =W491 -> 122.37638 | X2: =X491 -> 151.27625 | Y2: =Y491 -> 273.65263 | Z2: =Z491 -> 0.95606547 | AA2: =AA491 -> 0.90045389 | AB2: =AB491 -> 0.92450214 | AC2: =AC491 -> No | AF2: =AF491 -> 2.1258 | AG2: =AG491 -> 58.01946 | AH2: =AH491 -> 64.560411 | AI2: =AI491 -> 62.972882 | AJ2: =AJ491 -> 85.823627 | AK2: =AK491 -> 83.161129 | AL2: =AL491 -> 74.516003 | AM2: =AM491 -> 74.929489 | AN2: =AN491 -> 59.669632 | AO2: =SUBTOTAL(9,AO5:AO491) -> 539.57284 | AP2: =SUBTOTAL(9,AP5:AP491) -> 493.35116 | AQ2: =SUBTOTAL(9,AQ5:AQ491) -> 399.16979 | AR2: =SUBTOTAL(9,AR5:AR491) -> 474.2025 | AS2: =SUBTOTAL(9,AS5:AS491) -> 428.43238 | AT2: =SUBTOTAL(9,AT5:AT491) -> 373.73988 | AU2: =SUBTOTAL(9,AU5:AU491) -> 340.35643 | AV2: =SUBTOTAL(9,AV5:AV491) -> 192.90146 | ... BJ2: =SUBTOTAL(9,BJ5:BJ491) -> 313.04283 | BK2: =BK491 -> 57.737886 | BL2: =BL491 -> 64.293499 | BM2: =BM491 -> 62.701825 | BN2: =BN491 -> 85.413381 | BO2: =BO491 -> 82.747491 | BP2: =BP491 -> 74.098799 | BQ2: =BQ491 -> 74.508129 | BR2: =BR491 -> 59.401623 | BS2: =SUBTOTAL(9,BS5:BS491) -> 475.26604 | BT2: =SUBTOTAL(9,BT5:BT491) -> 363.70812 | BU2: =SUBTOTAL(9,BU5:BU491) -> 311.69803 | BV2: =SUBTOTAL(9,BV5:BV491) -> 242.42421 | BW2: =SUBTOTAL(9,BW5:BW491) -> 174.68381 | BX2: =SUBTOTAL(9,BX5:BX491) -> 112.63701 | BY2: =SUBTOTAL(9,BY5:BY491) -> 56.151087 | BZ2: =SUBTOTAL(9,BZ5:BZ491) -> 29.106608 | CA2: =CA491 -> 57.737886 | CB2: =CB491 -> 64.293499 | CC2: =CC491 -> 62.701825 | CD2: =CD491 -> 85.413381 | CE2: =CE491 -> 82.747491 | CF2: =CF491 -> 74.098799 | CG2: =CG491 -> 74.508129 | CH2: =CH491 -> 59.401623 | CI2: =SUBTOTAL(9,CI5:CI491) -> 4.3734446 | CJ2: =SUBTOTAL(9,CJ5:CJ491) -> 23.26107 | CK2: =SUBTOTAL(9,CK5:CK491) -> 5.4731205 | CL2: =SUBTOTAL(9,CL5:CL491) -> 0 | CM2: =SUBTOTAL(9,CM5:CM491) -> 0 | CN2: =SUBTOTAL(9,CN5:CN491) -> 0 | CO2: =SUBTOTAL(9,CO5:CO491) -> 0 | CP2: =SUBTOTAL(9,CP5:CP491) -> 0
L3: Clima | O3: Fenología | R3: mm | S3: mm | T3: mm | U3: mm | V3: mm | W3: mm | X3: mm | Y3: mm | Z3: % | AA3: % | AB3: % | AD3: m/d | AF3: m | AG3: mm | AH3: mm | AI3: mm | AJ3: mm | AK3: mm | AL3: mm | AM3: mm | AN3: mm | AO3: mm | AP3: mm | AQ3: mm | AR3: mm | AS3: mm | AT3: mm | AU3: mm | AV3: mm | AW3: mm | AX3: mm | AY3: mm | AZ3: mm | BA3: mm | BB3: mm | BC3: mm | BD3: mm | BE3: mm | BF3: mm | BG3: mm | BH3: mm | BI3: mm | BJ3: mm | BK3: mm | BL3: mm | BM3: mm | BN3: mm | BO3: mm | BP3: mm | BQ3: mm | BR3: mm | BS3: mm | BT3: mm | BU3: mm | BV3: mm | BW3: mm | BX3: mm | BY3: mm | BZ3: mm | CA3: mm | CB3: mm | CC3: mm | CD3: mm | CE3: mm | CF3: mm | CG3: mm | CH3: mm | CI3: mm | CJ3: mm | CK3: mm | CL3: mm | CM3: mm | CN3: mm | CO3: mm | CP3: mm
A4: Suelo | C4: Horiz | D4: Hz1 | E4: Hz2 | F4: Hz3 | G4: Hz4 | H4: Hz5 | I4: Hz6 | J4: Hz7 | K4: Hz8 | L4: fecha | M4: PP | N4: Eto | O4: Prof | P4: Kcb | Q4: Absi | R4: Inf | S4: Inf | T4: Dr | U4: DemT | V4: DemE | W4: AUm1 | X4: AUm2 | Y4: AU | Z4: AU%m1 | AA4: AU%m2 | AB4: AU% | AC4: Sandw | AD4: Tprof | AE4: ProfLim | AF4: ProfR | AG4: CH1 | AH4: CH2 | AI4: CH3 | AJ4: CH4 | AK4: CH5 | AL4: CH6 | AM4: CH7 | AN4: CH8 | AO4: AT1 | AP4: AT2 | AQ4: AT3 | AR4: AT4 | AS4: AT5 | AT4: AT6 | AU4: AT7 | AV4: AT8 | AW4: AT | AX4: TrR | AY4: TrRr | AZ4: Tr1 | BA4: Tr2 | BB4: Tr3 | BC4: Tr4 | BD4: Tr5 | BE4: Tr6 | BF4: Tr7 | BG4: Tr8 | BH4: AEf | BI4: AEr | BJ4: Er | BK4: Cv1 | BL4: Cv2 | BM4: Cv3 | BN4: Cv4 | BO4: Cv5 | BP4: Cv6 | BQ4: Cv7 | BR4: Cv8 | BS4: Dr1 | BT4: Dr2 | BU4: Dr3 | BV4: Dr4 | BW4: Dr5 | BX4: Dr6 | BY4: Dr7 | BZ4: Dr8 | CA4: Cf1 | CB4: Cf2 | CC4: Cf3 | CD4: Cf4 | CE4: Cf5 | CF4: Cf6 | CG4: Cf7 | CH4: Cf8 | CI4: Me1 | CJ4: Me2 | CK4: Me3 | CL4: Me4 | CM4: Me5 | CN4: Me6 | CO4: Me7 | CP4: Me8
A5: U | B5: 8 | C5: Nombre | D5: Ap | E5: B21t | F5: B22t | G5: B3 | H5: C1 | I5: C2 | J5: C2 | K5: C2 | L5: 30317 | M5: 1.4 | N5: 6.5
A6: DR | B6: 0.6 | C6: PFH | D6: 0.2 | E6: 0.4 | F6: 0.6 | G6: 0.9 | H6: 1.2 | I6: 1.5 | J6: 1.8 | K6: 2.1 | L6: 30318 | M6: 0 | N6: 2.2
A7: CN | B7: 77 | C7: PMP | D7: 0.15 | E7: 0.19 | F7: 0.18 | G7: 0.15 | H7: 0.14 | I7: 0.11 | J7: 0.11 | K7: 0.11 | L7: 30319 | M7: 0 | N7: 6.9
A8: kl | B8: 0.1 | C8: CC | D8: 0.3 | E8: 0.33 | F8: 0.32 | G8: 0.29 | H8: 0.28 | I8: 0.25 | J8: 0.25 | K8: 0.25 | L8: 30320 | M8: 0.8 | N8: 5.8
A9: Um | B9: 0.5 | C9: Sat | D9: 0.52 | E9: 0.47 | F9: 0.45 | G9: 0.45 | H9: 0.45 | I9: 0.47 | J9: 0.47 | K9: 0.47 | L9: 30321 | M9: 0 | N9: 6.9
A10: Atm | B10: =254*(100/$B$7-1) -> 75.87013 | C10: PMP | D10: =D$6*1000*D7 -> 30 | E10: =(E$6-D$6)*1000*E7 -> 38 | F10: =(F$6-E$6)*1000*F7 -> 36 | G10: =(G$6-F$6)*1000*G7 -> 45 | H10: =(H$6-G$6)*1000*H7 -> 42 | I10: =(I$6-H$6)*1000*I7 -> 33 | J10: =(J$6-I$6)*1000*J7 -> 33 | K10: =(K$6-J$6)*1000*K7 -> 33 | L10: 30322 | M10: 0 | N10: 7.7
C11: CC | D11: =D$6*1000*D8 -> 60 | E11: =(E$6-D$6)*1000*E8 -> 66 | F11: =(F$6-E$6)*1000*F8 -> 64 | G11: =(G$6-F$6)*1000*G8 -> 87 | H11: =(H$6-G$6)*1000*H8 -> 84 | I11: =(I$6-H$6)*1000*I8 -> 75 | J11: =(J$6-I$6)*1000*J8 -> 75 | K11: =(K$6-J$6)*1000*K8 -> 75 | L11: 30323 | M11: 0 | N11: 6.2
C12: Sat | D12: =D$6*1000*D9 -> 104 | E12: =(E$6-D$6)*1000*E9 -> 94 | F12: =(F$6-E$6)*1000*F9 -> 90 | G12: =(G$6-F$6)*1000*G9 -> 135 | H12: =(H$6-G$6)*1000*H9 -> 135 | I12: =(I$6-H$6)*1000*I9 -> 141 | J12: =(J$6-I$6)*1000*J9 -> 141 | K12: =(K$6-J$6)*1000*K9 -> 141 | L12: 30324 | M12: 0 | N12: 6
L13: 30325 | M13: 0 | N13: 7.4
A14: Ratrojo | C14: Humedad | L14: 30326 | M14: 0 | N14: 3.7
A15: Sin | B15: 1 | C15: Se | D15: 0.1 | L15: 30327 | M15: 0 | N15: 4.3
A16: 30-50 | B16: 0.8 | C16: mS | D16: 0.35 | L16: 30328 | M16: 3.8 | N16: 5.7
A17: 80-100 | B17: 0.5 | C17: mH | D17: 0.65 | L17: 30329 | M17: 0.2 | N17: 2.6
C18: Hu | D18: 0.9 | L18: 30330 | M18: 0 | N18: 5.7
L19: 30331 | M19: 0 | N19: 5.2
L20: 30332 | M20: 0 | N20: 4.8
L21: 30333 | M21: 5.2 | N21: 2.1
L22: 30334 | M22: 1 | N22: 5.5
L23: 30335 | M23: 0 | N23: 5.7
L24: 30336 | M24: 0 | N24: 6.2
L25: 30337 | M25: 0 | N25: 7.6
L26: 30338 | M26: 0 | N26: 8.3
L27: 30339 | M27: 1 | N27: 4.2
L28: 30340 | M28: 0 | N28: 5
L29: 30341 | M29: 3 | N29: 3.8
L30: 30342 | M30: 0 | N30: 5.9
... L63: 30375 | M63: 0 | N63: 4.3
L64: 30376 | M64: 2 | N64: 2.3 | O64: 0 | P64: 0 | Q64: =0.15*($D$12-MAX(AG64,$D$10))/($D$12-$D$10) -> 0.09527027 | R64: =MAX(0,M64-Q64*$B$10)^2/(M64+$B$10*(1-Q64)) -> 0 | S64: =M64-R64 -> 2 | T64: =BZ64+CP64 -> 0 | U64: =N64*P64 -> 0 | V64: =MAX(0,N64*MAX(0,1-P64)*$B$2) -> 1.84 | W64: =SUM(AG64:AJ64)-SUM(D$10:G$10) -> 115.2 | X64: =SUM(AK64:AN64)-SUM(H$10:K$10) -> 151.2 | Y64: =X64+W64 -> 266.4 | Z64: =W64/(SUM(D$11:G$11)-SUM(D$10:G$10)) -> 0.9 | AA64: =X64/(SUM(H$11:K$11)-SUM(H$10:K$10)) -> 0.9 | AB64: =Y64/(SUM(D$11:K$11)-SUM(D$10:K$10)) -> 0.9 | AC64: =IF((AJ64-G$10)/(G$11-G$10)<0.3,"Si","No") -> No | AD64: =IF(O64>0.2,O64-O63,0) -> 0 | AE64: =IF(AF63<D$6,1,IF(AF63<E$6,MIN(1,(AH64-E$10)/(0.3*(E$11-E$10))),IF(AF63<F$6,MIN(1,(AI64-F$10)/(0.3*(F$11-F$10))),IF(AF63<G$6,MIN(1,(AJ64-G$10)/(0.3*(G$11-G$10))),IF(AF63<H$6,MIN(1,(AK64-H$10)/(0.3*(H$11-H$10))),IF(AF63<I$6,MIN(1,(AL64-I$10)/(0.3*(I$11-I$10))),IF(AF63<J$6,MIN(1,(AM64-J$10)/(0.3*(J$11-J$10))),IF(AF63<K$6,MIN(1,(AN64-K$10)/(0.3*(K$11-K$10))),0)))))))) -> 1 | AF64: =IF(O64<0.2,0,IF(O64=0.2,0.2,AF63+AD64*AE64)) -> 0 | AG64: =(D$11-D$10)*D$2+D$10 -> 57 | AH64: =(E$11-E$10)*E$2+E$10 -> 63.2 | AI64: =(F$11-F$10)*F$2+F$10 -> 61.2 | AJ64: =(G$11-G$10)*G$2+G$10 -> 82.8 | AK64: =(H$11-H$10)*H$2+H$10 -> 79.8 | AL64: =(I$11-I$10)*I$2+I$10 -> 70.8 | AM64: =(J$11-J$10)*J$2+J$10 -> 70.8 | AN64: =(K$11-K$10)*K$2+K$10 -> 70.8 | AO64: =MAX(0,(AG64-D$10)*$B$8*MIN(1,(AG64-D$10)/($B$9*(D$11-D$10))))*MIN(1,$AF64/D$6) -> 0 | AP64: =MAX(0,(AH64-E$10)*$B$8*MIN(1,(AH64-E$10)/($B$9*(E$11-E$10))))*MIN(1,MAX(0,($AF64-D$6))/(E$6-D$6)) -> 0 | AQ64: =MAX(0,(AI64-F$10)*$B$8*MIN(1,(AI64-F$10)/($B$9*(F$11-F$10))))*MIN(1,MAX(0,($AF64-E$6))/(F$6-E$6)) -> 0 | AR64: =MAX(0,(AJ64-G$10)*$B$8*MIN(1,(AJ64-G$10)/($B$9*(G$11-G$10))))*MIN(1,MAX(0,($AF64-F$6))/(G$6-F$6)) -> 0 | AS64: =MAX(0,(AK64-H$10)*$B$8*MIN(1,(AK64-H$10)/($B$9*(H$11-H$10))))*MIN(1,MAX(0,($AF64-G$6))/(H$6-G$6)) -> 0 | AT64: =MAX(0,(AL64-I$10)*$B$8*MIN(1,(AL64-I$10)/($B$9*(I$11-I$10))))*MIN(1,MAX(0,($AF64-H$6))/(I$6-H$6)) -> 0 | AU64: =MAX(0,(AM64-J$10)*$B$8*MIN(1,(AM64-J$10)/($B$9*(J$11-J$10))))*MIN(1,MAX(0,($AF64-I$6))/(J$6-I$6)) -> 0 | AV64: =MAX(0,(AN64-K$10)*$B$8*MIN(1,(AN64-K$10)/($B$9*(K$11-K$10))))*MIN(1,MAX(0,($AF64-J$6))/(K$6-J$6)) -> 0 | AW64: =SUM(AO64:AV64) -> 0 | AX64: =MIN(U64,AW64+S64) -> 0 | AY64: =MAX(0,AX64-S64) -> 0 | AZ64: =IF($AW64>0,$AY64*(AO64/$AW64),0) -> 0 | BA64: =IF($AW64>0,$AY64*(AP64/$AW64),0) -> 0 | BB64: =IF($AW64>0,$AY64*(AQ64/$AW64),0) -> 0 | BC64: =IF($AW64>0,$AY64*(AR64/$AW64),0) -> 0 | BD64: =IF($AW64>0,$AY64*(AS64/$AW64),0) -> 0 | BE64: =IF($AW64>0,$AY64*(AT64/$AW64),0) -> 0 | BF64: =IF($AW64>0,$AY64*(AU64/$AW64),0) -> 0 | BG64: =IF($AW64>0,$AY64*(AV64/$AW64),0) -> 0 | BH64: =MIN(V64,MAX(0,(AG64-(D$11-$B$5*$B$2)))+MAX(0,S64-AX64)) -> 1.84 | BI64: =V64-BH64 -> 0 | BJ64: =BH64+MIN(BI64,BI64*((S64+AG64-AZ64-BH64-D$10*0.5)/(D$11-$B$5*$B$2-D$10*0.5))^4) -> 1.84 | BK64: =AG64-AZ64-BJ64 -> 55.16 | BL64: =AH64-BA64 -> 63.2 | BM64: =AI64-BB64 -> 61.2 | BN64: =AJ64-BC64 -> 82.8 | BO64: =AK64-BD64 -> 79.8 | BP64: =AL64-BE64 -> 70.8 | BQ64: =AM64-BF64 -> 70.8 | BR64: =AN64-BG64 -> 70.8 | BS64: =MAX(0,(BK64-D$11)*$B$6) -> 0 | BT64: =MAX(0,(BL64-E$11)*$B$6) -> 0 | BU64: =MAX(0,(BM64-F$11)*$B$6) -> 0 | BV64: =MAX(0,(BN64-G$11)*$B$6) -> 0 | BW64: =MAX(0,(BO64-H$11)*$B$6) -> 0 | BX64: =MAX(0,(BP64-I$11)*$B$6) -> 0 | BY64: =MAX(0,(BQ64-J$11)*$B$6) -> 0 | BZ64: =MAX(0,(BR64-K$11)*$B$6) -> 0 | CA64: =BK64-BS64+MAX(0,S64-AY64-BJ64) -> 55.32 | CB64: =BL64-BT64+BS64+CI64 -> 63.2 | CC64: =BM64-BU64+BT64+CJ64 -> 61.2 | CD64: =BN64-BV64+BU64+CK64 -> 82.8 | CE64: =BO64-BW64+BV64+CL64 -> 79.8 | CF64: =BP64-BX64+BW64+CM64 -> 70.8 | CG64: =BQ64-BY64+BX64+CN64 -> 70.8 | CH64: =BR64-BZ64+BY64+CO64 -> 70.8 | CI64: =MAX(0,CA64-D$12) -> 0 | CJ64: =MAX(0,CB64-E$12) -> 0 | CK64: =MAX(0,CC64-F$12) -> 0 | CL64: =MAX(0,CD64-G$12) -> 0 | CM64: =MAX(0,CE64-H$12) -> 0 | CN64: =MAX(0,CF64-I$12) -> 0 | CO64: =MAX(0,CG64-J$12) -> 0 | CP64: =MAX(0,CH64-K$12) -> 0
L65: 30377 | M65: 0 | N65: 3.7 | O65: 0 | P65: 0 | Q65: =0.15*($D$12-MAX(AG65,$D$10))/($D$12-$D$10) -> 0.098675676 | R65: =MAX(0,M65-Q65*$B$10)^2/(M65+$B$10*(1-Q65)) -> 0 | S65: =M65-R65 -> 0 | T65: =BZ65+CP65 -> 0 | U65: =N65*P65 -> 0 | V65: =MAX(0,N65*MAX(0,1-P65)*$B$2) -> 2.96 | W65: =SUM(AG65:AJ65)-SUM(D$10:G$10) -> 113.52 | X65: =SUM(AK65:AN65)-SUM(H$10:K$10) -> 151.2 | Y65: =X65+W65 -> 264.72 | Z65: =W65/(SUM(D$11:G$11)-SUM(D$10:G$10)) -> 0.886875 | AA65: =X65/(SUM(H$11:K$11)-SUM(H$10:K$10)) -> 0.9 | AB65: =Y65/(SUM(D$11:K$11)-SUM(D$10:K$10)) -> 0.89432432 | AC65: =IF((AJ65-G$10)/(G$11-G$10)<0.3,"Si","No") -> No | AD65: =IF(O65>0.2,O65-O64,0) -> 0 | AE65: =IF(AF64<D$6,1,IF(AF64<E$6,MIN(1,(AH65-E$10)/(0.3*(E$11-E$10))),IF(AF64<F$6,MIN(1,(AI65-F$10)/(0.3*(F$11-F$10))),IF(AF64<G$6,MIN(1,(AJ65-G$10)/(0.3*(G$11-G$10))),IF(AF64<H$6,MIN(1,(AK65-H$10)/(0.3*(H$11-H$10))),IF(AF64<I$6,MIN(1,(AL65-I$10)/(0.3*(I$11-I$10))),IF(AF64<J$6,MIN(1,(AM65-J$10)/(0.3*(J$11-J$10))),IF(AF64<K$6,MIN(1,(AN65-K$10)/(0.3*(K$11-K$10))),0)))))))) -> 1 | AF65: =IF(O65<0.2,0,IF(O65=0.2,0.2,AF64+AD65*AE65)) -> 0 | AG65: =MIN(D$12,CA64) -> 55.32 | AH65: =MIN(E$12,CB64) -> 63.2 | AI65: =MIN(F$12,CC64) -> 61.2 | AJ65: =MIN(G$12,CD64) -> 82.8 | AK65: =MIN(H$12,CE64) -> 79.8 | AL65: =MIN(I$12,CF64) -> 70.8 | AM65: =MIN(J$12,CG64) -> 70.8 | AN65: =MIN(K$12,CH64) -> 70.8 | AO65: =MAX(0,(AG65-D$10)*$B$8*MIN(1,(AG65-D$10)/($B$9*(D$11-D$10))))*MIN(1,$AF65/D$6) -> 0 | AP65: =MAX(0,(AH65-E$10)*$B$8*MIN(1,(AH65-E$10)/($B$9*(E$11-E$10))))*MIN(1,MAX(0,($AF65-D$6))/(E$6-D$6)) -> 0 | AQ65: =MAX(0,(AI65-F$10)*$B$8*MIN(1,(AI65-F$10)/($B$9*(F$11-F$10))))*MIN(1,MAX(0,($AF65-E$6))/(F$6-E$6)) -> 0 | AR65: =MAX(0,(AJ65-G$10)*$B$8*MIN(1,(AJ65-G$10)/($B$9*(G$11-G$10))))*MIN(1,MAX(0,($AF65-F$6))/(G$6-F$6)) -> 0 | AS65: =MAX(0,(AK65-H$10)*$B$8*MIN(1,(AK65-H$10)/($B$9*(H$11-H$10))))*MIN(1,MAX(0,($AF65-G$6))/(H$6-G$6)) -> 0 | AT65: =MAX(0,(AL65-I$10)*$B$8*MIN(1,(AL65-I$10)/($B$9*(I$11-I$10))))*MIN(1,MAX(0,($AF65-H$6))/(I$6-H$6)) -> 0 | AU65: =MAX(0,(AM65-J$10)*$B$8*MIN(1,(AM65-J$10)/($B$9*(J$11-J$10))))*MIN(1,MAX(0,($AF65-I$6))/(J$6-I$6)) -> 0 | AV65: =MAX(0,(AN65-K$10)*$B$8*MIN(1,(AN65-K$10)/($B$9*(K$11-K$10))))*MIN(1,MAX(0,($AF65-J$6))/(K$6-J$6)) -> 0 | AW65: =SUM(AO65:AV65) -> 0 | AX65: =MIN(U65,AW65+S65) -> 0 | AY65: =MAX(0,AX65-S65) -> 0 | AZ65: =IF($AW65>0,$AY65*(AO65/$AW65),0) -> 0 | BA65: =IF($AW65>0,$AY65*(AP65/$AW65),0) -> 0 | BB65: =IF($AW65>0,$AY65*(AQ65/$AW65),0) -> 0 | BC65: =IF($AW65>0,$AY65*(AR65/$AW65),0) -> 0 | BD65: =IF($AW65>0,$AY65*(AS65/$AW65),0) -> 0 | BE65: =IF($AW65>0,$AY65*(AT65/$AW65),0) -> 0 | BF65: =IF($AW65>0,$AY65*(AU65/$AW65),0) -> 0 | BG65: =IF($AW65>0,$AY65*(AV65/$AW65),0) -> 0 | BH65: =MIN(V65,MAX(0,(AG65-(D$11-$B$5*$B$2)))+MAX(0,S65-AX65)) -> 1.72 | BI65: =V65-BH65 -> 1.24 | BJ65: =BH65+MIN(BI65,BI65*((S65+AG65-AZ65-BH65-D$10*0.5)/(D$11-$B$5*$B$2-D$10*0.5))^4) -> 2.96 | BK65: =AG65-AZ65-BJ65 -> 52.36 | BL65: =AH65-BA65 -> 63.2 | BM65: =AI65-BB65 -> 61.2 | BN65: =AJ65-BC65 -> 82.8 | BO65: =AK65-BD65 -> 79.8 | BP65: =AL65-BE65 -> 70.8 | BQ65: =AM65-BF65 -> 70.8 | BR65: =AN65-BG65 -> 70.8 | BS65: =MAX(0,(BK65-D$11)*$B$6) -> 0 | BT65: =MAX(0,(BL65-E$11)*$B$6) -> 0 | BU65: =MAX(0,(BM65-F$11)*$B$6) -> 0 | BV65: =MAX(0,(BN65-G$11)*$B$6) -> 0 | BW65: =MAX(0,(BO65-H$11)*$B$6) -> 0 | BX65: =MAX(0,(BP65-I$11)*$B$6) -> 0 | BY65: =MAX(0,(BQ65-J$11)*$B$6) -> 0 | BZ65: =MAX(0,(BR65-K$11)*$B$6) -> 0 | CA65: =BK65-BS65+MAX(0,S65-AY65-BJ65) -> 52.36 | CB65: =BL65-BT65+BS65+CI65 -> 63.2 | CC65: =BM65-BU65+BT65+CJ65 -> 61.2 | CD65: =BN65-BV65+BU65+CK65 -> 82.8 | CE65: =BO65-BW65+BV65+CL65 -> 79.8 | CF65: =BP65-BX65+BW65+CM65 -> 70.8 | CG65: =BQ65-BY65+BX65+CN65 -> 70.8 | CH65: =BR65-BZ65+BY65+CO65 -> 70.8 | CI65: =MAX(0,CA65-D$12) -> 0 | CJ65: =MAX(0,CB65-E$12) -> 0 | CK65: =MAX(0,CC65-F$12) -> 0 | CL65: =MAX(0,CD65-G$12) -> 0 | CM65: =MAX(0,CE65-H$12) -> 0 | CN65: =MAX(0,CF65-I$12) -> 0 | CO65: =MAX(0,CG65-J$12) -> 0 | CP65: =MAX(0,CH65-K$12) -> 0
L66: 30378 | M66: 0 | N66: 4.5 | O66: 0 | P66: 0 | Q66: =0.15*($D$12-MAX(AG66,$D$10))/($D$12-$D$10) -> 0.10467568 | R66: =MAX(0,M66-Q66*$B$10)^2/(M66+$B$10*(1-Q66)) -> 0 | S66: =M66-R66 -> 0 | T66: =BZ66+CP66 -> 0 | U66: =N66*P66 -> 0 | V66: =MAX(0,N66*MAX(0,1-P66)*$B$2) -> 3.6 | W66: =SUM(AG66:AJ66)-SUM(D$10:G$10) -> 110.56 | X66: =SUM(AK66:AN66)-SUM(H$10:K$10) -> 151.2 | Y66: =X66+W66 -> 261.76 | Z66: =W66/(SUM(D$11:G$11)-SUM(D$10:G$10)) -> 0.86375 | AA66: =X66/(SUM(H$11:K$11)-SUM(H$10:K$10)) -> 0.9 | AB66: =Y66/(SUM(D$11:K$11)-SUM(D$10:K$10)) -> 0.88432432 | AC66: =IF((AJ66-G$10)/(G$11-G$10)<0.3,"Si","No") -> No | AD66: =IF(O66>0.2,O66-O65,0) -> 0 | AE66: =IF(AF65<D$6,1,IF(AF65<E$6,MIN(1,(AH66-E$10)/(0.3*(E$11-E$10))),IF(AF65<F$6,MIN(1,(AI66-F$10)/(0.3*(F$11-F$10))),IF(AF65<G$6,MIN(1,(AJ66-G$10)/(0.3*(G$11-G$10))),IF(AF65<H$6,MIN(1,(AK66-H$10)/(0.3*(H$11-H$10))),IF(AF65<I$6,MIN(1,(AL66-I$10)/(0.3*(I$11-I$10))),IF(AF65<J$6,MIN(1,(AM66-J$10)/(0.3*(J$11-J$10))),IF(AF65<K$6,MIN(1,(AN66-K$10)/(0.3*(K$11-K$10))),0)))))))) -> 1 | AF66: =IF(O66<0.2,0,IF(O66=0.2,0.2,AF65+AD66*AE66)) -> 0 | AG66: =MIN(D$12,CA65) -> 52.36 | AH66: =MIN(E$12,CB65) -> 63.2 | AI66: =MIN(F$12,CC65) -> 61.2 | AJ66: =MIN(G$12,CD65) -> 82.8 | AK66: =MIN(H$12,CE65) -> 79.8 | AL66: =MIN(I$12,CF65) -> 70.8 | AM66: =MIN(J$12,CG65) -> 70.8 | AN66: =MIN(K$12,CH65) -> 70.8 | AO66: =MAX(0,(AG66-D$10)*$B$8*MIN(1,(AG66-D$10)/($B$9*(D$11-D$10))))*MIN(1,$AF66/D$6) -> 0 | AP66: =MAX(0,(AH66-E$10)*$B$8*MIN(1,(AH66-E$10)/($B$9*(E$11-E$10))))*MIN(1,MAX(0,($AF66-D$6))/(E$6-D$6)) -> 0 | AQ66: =MAX(0,(AI66-F$10)*$B$8*MIN(1,(AI66-F$10)/($B$9*(F$11-F$10))))*MIN(1,MAX(0,($AF66-E$6))/(F$6-E$6)) -> 0 | AR66: =MAX(0,(AJ66-G$10)*$B$8*MIN(1,(AJ66-G$10)/($B$9*(G$11-G$10))))*MIN(1,MAX(0,($AF66-F$6))/(G$6-F$6)) -> 0 | AS66: =MAX(0,(AK66-H$10)*$B$8*MIN(1,(AK66-H$10)/($B$9*(H$11-H$10))))*MIN(1,MAX(0,($AF66-G$6))/(H$6-G$6)) -> 0 | AT66: =MAX(0,(AL66-I$10)*$B$8*MIN(1,(AL66-I$10)/($B$9*(I$11-I$10))))*MIN(1,MAX(0,($AF66-H$6))/(I$6-H$6)) -> 0 | AU66: =MAX(0,(AM66-J$10)*$B$8*MIN(1,(AM66-J$10)/($B$9*(J$11-J$10))))*MIN(1,MAX(0,($AF66-I$6))/(J$6-I$6)) -> 0 | AV66: =MAX(0,(AN66-K$10)*$B$8*MIN(1,(AN66-K$10)/($B$9*(K$11-K$10))))*MIN(1,MAX(0,($AF66-J$6))/(K$6-J$6)) -> 0 | AW66: =SUM(AO66:AV66) -> 0 | AX66: =MIN(U66,AW66+S66) -> 0 | AY66: =MAX(0,AX66-S66) -> 0 | AZ66: =IF($AW66>0,$AY66*(AO66/$AW66),0) -> 0 | BA66: =IF($AW66>0,$AY66*(AP66/$AW66),0) -> 0 | BB66: =IF($AW66>0,$AY66*(AQ66/$AW66),0) -> 0 | BC66: =IF($AW66>0,$AY66*(AR66/$AW66),0) -> 0 | BD66: =IF($AW66>0,$AY66*(AS66/$AW66),0) -> 0 | BE66: =IF($AW66>0,$AY66*(AT66/$AW66),0) -> 0 | BF66: =IF($AW66>0,$AY66*(AU66/$AW66),0) -> 0 | BG66: =IF($AW66>0,$AY66*(AV66/$AW66),0) -> 0 | BH66: =MIN(V66,MAX(0,(AG66-(D$11-$B$5*$B$2)))+MAX(0,S66-AX66)) -> 0 | BI66: =V66-BH66 -> 3.6 | BJ66: =BH66+MIN(BI66,BI66*((S66+AG66-AZ66-BH66-D$10*0.5)/(D$11-$B$5*$B$2-D$10*0.5))^4) -> 3.1592264 | BK66: =AG66-AZ66-BJ66 -> 49.200774 | BL66: =AH66-BA66 -> 63.2 | BM66: =AI66-BB66 -> 61.2 | BN66: =AJ66-BC66 -> 82.8 | BO66: =AK66-BD66 -> 79.8 | BP66: =AL66-BE66 -> 70.8 | BQ66: =AM66-BF66 -> 70.8 | BR66: =AN66-BG66 -> 70.8 | BS66: =MAX(0,(BK66-D$11)*$B$6) -> 0 | BT66: =MAX(0,(BL66-E$11)*$B$6) -> 0 | BU66: =MAX(0,(BM66-F$11)*$B$6) -> 0 | BV66: =MAX(0,(BN66-G$11)*$B$6) -> 0 | BW66: =MAX(0,(BO66-H$11)*$B$6) -> 0 | BX66: =MAX(0,(BP66-I$11)*$B$6) -> 0 | BY66: =MAX(0,(BQ66-J$11)*$B$6) -> 0 | BZ66: =MAX(0,(BR66-K$11)*$B$6) -> 0 | CA66: =BK66-BS66+MAX(0,S66-AY66-BJ66) -> 49.200774 | CB66: =BL66-BT66+BS66+CI66 -> 63.2 | CC66: =BM66-BU66+BT66+CJ66 -> 61.2 | CD66: =BN66-BV66+BU66+CK66 -> 82.8 | CE66: =BO66-BW66+BV66+CL66 -> 79.8 | CF66: =BP66-BX66+BW66+CM66 -> 70.8 | CG66: =BQ66-BY66+BX66+CN66 -> 70.8 | CH66: =BR66-BZ66+BY66+CO66 -> 70.8 | CI66: =MAX(0,CA66-D$12) -> 0 | CJ66: =MAX(0,CB66-E$12) -> 0 | CK66: =MAX(0,CC66-F$12) -> 0 | CL66: =MAX(0,CD66-G$12) -> 0 | CM66: =MAX(0,CE66-H$12) -> 0 | CN66: =MAX(0,CF66-I$12) -> 0 | CO66: =MAX(0,CG66-J$12) -> 0 | CP66: =MAX(0,CH66-K$12) -> 0
L67: 30379 | M67: 0 | N67: 4.5 | O67: 0 | P67: 0 | Q67: =0.15*($D$12-MAX(AG67,$D$10))/($D$12-$D$10) -> 0.11107951 | R67: =MAX(0,M67-Q67*$B$10)^2/(M67+$B$10*(1-Q67)) -> 0 | S67: =M67-R67 -> 0 | T67: =BZ67+CP67 -> 0 | U67: =N67*P67 -> 0 | V67: =MAX(0,N67*MAX(0,1-P67)*$B$2) -> 3.6 | W67: =SUM(AG67:AJ67)-SUM(D$10:G$10) -> 107.40077 | X67: =SUM(AK67:AN67)-SUM(H$10:K$10) -> 151.2 | Y67: =X67+W67 -> 258.60077 | Z67: =W67/(SUM(D$11:G$11)-SUM(D$10:G$10)) -> 0.83906854 | AA67: =X67/(SUM(H$11:K$11)-SUM(H$10:K$10)) -> 0.9 | AB67: =Y67/(SUM(D$11:K$11)-SUM(D$10:K$10)) -> 0.87365126 | AC67: =IF((AJ67-G$10)/(G$11-G$10)<0.3,"Si","No") -> No | AD67: =IF(O67>0.2,O67-O66,0) -> 0 | AE67: =IF(AF66<D$6,1,IF(AF66<E$6,MIN(1,(AH67-E$10)/(0.3*(E$11-E$10))),IF(AF66<F$6,MIN(1,(AI67-F$10)/(0.3*(F$11-F$10))),IF(AF66<G$6,MIN(1,(AJ67-G$10)/(0.3*(G$11-G$10))),IF(AF66<H$6,MIN(1,(AK67-H$10)/(0.3*(H$11-H$10))),IF(AF66<I$6,MIN(1,(AL67-I$10)/(0.3*(I$11-I$10))),IF(AF66<J$6,MIN(1,(AM67-J$10)/(0.3*(J$11-J$10))),IF(AF66<K$6,MIN(1,(AN67-K$10)/(0.3*(K$11-K$10))),0)))))))) -> 1 | AF67: =IF(O67<0.2,0,IF(O67=0.2,0.2,AF66+AD67*AE67)) -> 0 | AG67: =MIN(D$12,CA66) -> 49.200774 | AH67: =MIN(E$12,CB66) -> 63.2 | AI67: =MIN(F$12,CC66) -> 61.2 | AJ67: =MIN(G$12,CD66) -> 82.8 | AK67: =MIN(H$12,CE66) -> 79.8 | AL67: =MIN(I$12,CF66) -> 70.8 | AM67: =MIN(J$12,CG66) -> 70.8 | AN67: =MIN(K$12,CH66) -> 70.8 | AO67: =MAX(0,(AG67-D$10)*$B$8*MIN(1,(AG67-D$10)/($B$9*(D$11-D$10))))*MIN(1,$AF67/D$6) -> 0 | AP67: =MAX(0,(AH67-E$10)*$B$8*MIN(1,(AH67-E$10)/($B$9*(E$11-E$10))))*MIN(1,MAX(0,($AF67-D$6))/(E$6-D$6)) -> 0 | AQ67: =MAX(0,(AI67-F$10)*$B$8*MIN(1,(AI67-F$10)/($B$9*(F$11-F$10))))*MIN(1,MAX(0,($AF67-E$6))/(F$6-E$6)) -> 0 | AR67: =MAX(0,(AJ67-G$10)*$B$8*MIN(1,(AJ67-G$10)/($B$9*(G$11-G$10))))*MIN(1,MAX(0,($AF67-F$6))/(G$6-F$6)) -> 0 | AS67: =MAX(0,(AK67-H$10)*$B$8*MIN(1,(AK67-H$10)/($B$9*(H$11-H$10))))*MIN(1,MAX(0,($AF67-G$6))/(H$6-G$6)) -> 0 | AT67: =MAX(0,(AL67-I$10)*$B$8*MIN(1,(AL67-I$10)/($B$9*(I$11-I$10))))*MIN(1,MAX(0,($AF67-H$6))/(I$6-H$6)) -> 0 | AU67: =MAX(0,(AM67-J$10)*$B$8*MIN(1,(AM67-J$10)/($B$9*(J$11-J$10))))*MIN(1,MAX(0,($AF67-I$6))/(J$6-I$6)) -> 0 | AV67: =MAX(0,(AN67-K$10)*$B$8*MIN(1,(AN67-K$10)/($B$9*(K$11-K$10))))*MIN(1,MAX(0,($AF67-J$6))/(K$6-J$6)) -> 0 | AW67: =SUM(AO67:AV67) -> 0 | AX67: =MIN(U67,AW67+S67) -> 0 | AY67: =MAX(0,AX67-S67) -> 0 | AZ67: =IF($AW67>0,$AY67*(AO67/$AW67),0) -> 0 | BA67: =IF($AW67>0,$AY67*(AP67/$AW67),0) -> 0 | BB67: =IF($AW67>0,$AY67*(AQ67/$AW67),0) -> 0 | BC67: =IF($AW67>0,$AY67*(AR67/$AW67),0) -> 0 | BD67: =IF($AW67>0,$AY67*(AS67/$AW67),0) -> 0 | BE67: =IF($AW67>0,$AY67*(AT67/$AW67),0) -> 0 | BF67: =IF($AW67>0,$AY67*(AU67/$AW67),0) -> 0 | BG67: =IF($AW67>0,$AY67*(AV67/$AW67),0) -> 0 | BH67: =MIN(V67,MAX(0,(AG67-(D$11-$B$5*$B$2)))+MAX(0,S67-AX67)) -> 0 | BI67: =V67-BH67 -> 3.6 | BJ67: =BH67+MIN(BI67,BI67*((S67+AG67-AZ67-BH67-D$10*0.5)/(D$11-$B$5*$B$2-D$10*0.5))^4) -> 2.2186919 | BK67: =AG67-AZ67-BJ67 -> 46.982082 | BL67: =AH67-BA67 -> 63.2 | BM67: =AI67-BB67 -> 61.2 | BN67: =AJ67-BC67 -> 82.8 | BO67: =AK67-BD67 -> 79.8 | BP67: =AL67-BE67 -> 70.8 | BQ67: =AM67-BF67 -> 70.8 | BR67: =AN67-BG67 -> 70.8 | BS67: =MAX(0,(BK67-D$11)*$B$6) -> 0 | BT67: =MAX(0,(BL67-E$11)*$B$6) -> 0 | BU67: =MAX(0,(BM67-F$11)*$B$6) -> 0 | BV67: =MAX(0,(BN67-G$11)*$B$6) -> 0 | BW67: =MAX(0,(BO67-H$11)*$B$6) -> 0 | BX67: =MAX(0,(BP67-I$11)*$B$6) -> 0 | BY67: =MAX(0,(BQ67-J$11)*$B$6) -> 0 | BZ67: =MAX(0,(BR67-K$11)*$B$6) -> 0 | CA67: =BK67-BS67+MAX(0,S67-AY67-BJ67) -> 46.982082 | CB67: =BL67-BT67+BS67+CI67 -> 63.2 | CC67: =BM67-BU67+BT67+CJ67 -> 61.2 | CD67: =BN67-BV67+BU67+CK67 -> 82.8 | CE67: =BO67-BW67+BV67+CL67 -> 79.8 | CF67: =BP67-BX67+BW67+CM67 -> 70.8 | CG67: =BQ67-BY67+BX67+CN67 -> 70.8 | CH67: =BR67-BZ67+BY67+CO67 -> 70.8 | CI67: =MAX(0,CA67-D$12) -> 0 | CJ67: =MAX(0,CB67-E$12) -> 0 | CK67: =MAX(0,CC67-F$12) -> 0 | CL67: =MAX(0,CD67-G$12) -> 0 | CM67: =MAX(0,CE67-H$12) -> 0 | CN67: =MAX(0,CF67-I$12) -> 0 | CO67: =MAX(0,CG67-J$12) -> 0 | CP67: =MAX(0,CH67-K$12) -> 0
L68: 30380 | M68: 0 | N68: 3.8 | O68: 0 | P68: 0 | Q68: =0.15*($D$12-MAX(AG68,$D$10))/($D$12-$D$10) -> 0.11557686 | R68: =MAX(0,M68-Q68*$B$10)^2/(M68+$B$10*(1-Q68)) -> 0 | S68: =M68-R68 -> 0 | T68: =BZ68+CP68 -> 0 | U68: =N68*P68 -> 0 | V68: =MAX(0,N68*MAX(0,1-P68)*$B$2) -> 3.04 | W68: =SUM(AG68:AJ68)-SUM(D$10:G$10) -> 105.18208 | X68: =SUM(AK68:AN68)-SUM(H$10:K$10) -> 151.2 | Y68: =X68+W68 -> 256.38208 | Z68: =W68/(SUM(D$11:G$11)-SUM(D$10:G$10)) -> 0.82173501 | AA68: =X68/(SUM(H$11:K$11)-SUM(H$10:K$10)) -> 0.9 | AB68: =Y68/(SUM(D$11:K$11)-SUM(D$10:K$10)) -> 0.86615568 | AC68: =IF((AJ68-G$10)/(G$11-G$10)<0.3,"Si","No") -> No | AD68: =IF(O68>0.2,O68-O67,0) -> 0 | AE68: =IF(AF67<D$6,1,IF(AF67<E$6,MIN(1,(AH68-E$10)/(0.3*(E$11-E$10))),IF(AF67<F$6,MIN(1,(AI68-F$10)/(0.3*(F$11-F$10))),IF(AF67<G$6,MIN(1,(AJ68-G$10)/(0.3*(G$11-G$10))),IF(AF67<H$6,MIN(1,(AK68-H$10)/(0.3*(H$11-H$10))),IF(AF67<I$6,MIN(1,(AL68-I$10)/(0.3*(I$11-I$10))),IF(AF67<J$6,MIN(1,(AM68-J$10)/(0.3*(J$11-J$10))),IF(AF67<K$6,MIN(1,(AN68-K$10)/(0.3*(K$11-K$10))),0)))))))) -> 1 | AF68: =IF(O68<0.2,0,IF(O68=0.2,0.2,AF67+AD68*AE68)) -> 0 | AG68: =MIN(D$12,CA67) -> 46.982082 | AH68: =MIN(E$12,CB67) -> 63.2 | AI68: =MIN(F$12,CC67) -> 61.2 | AJ68: =MIN(G$12,CD67) -> 82.8 | AK68: =MIN(H$12,CE67) -> 79.8 | AL68: =MIN(I$12,CF67) -> 70.8 | AM68: =MIN(J$12,CG67) -> 70.8 | AN68: =MIN(K$12,CH67) -> 70.8 | AO68: =MAX(0,(AG68-D$10)*$B$8*MIN(1,(AG68-D$10)/($B$9*(D$11-D$10))))*MIN(1,$AF68/D$6) -> 0 | AP68: =MAX(0,(AH68-E$10)*$B$8*MIN(1,(AH68-E$10)/($B$9*(E$11-E$10))))*MIN(1,MAX(0,($AF68-D$6))/(E$6-D$6)) -> 0 | AQ68: =MAX(0,(AI68-F$10)*$B$8*MIN(1,(AI68-F$10)/($B$9*(F$11-F$10))))*MIN(1,MAX(0,($AF68-E$6))/(F$6-E$6)) -> 0 | AR68: =MAX(0,(AJ68-G$10)*$B$8*MIN(1,(AJ68-G$10)/($B$9*(G$11-G$10))))*MIN(1,MAX(0,($AF68-F$6))/(G$6-F$6)) -> 0 | AS68: =MAX(0,(AK68-H$10)*$B$8*MIN(1,(AK68-H$10)/($B$9*(H$11-H$10))))*MIN(1,MAX(0,($AF68-G$6))/(H$6-G$6)) -> 0 | AT68: =MAX(0,(AL68-I$10)*$B$8*MIN(1,(AL68-I$10)/($B$9*(I$11-I$10))))*MIN(1,MAX(0,($AF68-H$6))/(I$6-H$6)) -> 0 | AU68: =MAX(0,(AM68-J$10)*$B$8*MIN(1,(AM68-J$10)/($B$9*(J$11-J$10))))*MIN(1,MAX(0,($AF68-I$6))/(J$6-I$6)) -> 0 | AV68: =MAX(0,(AN68-K$10)*$B$8*MIN(1,(AN68-K$10)/($B$9*(K$11-K$10))))*MIN(1,MAX(0,($AF68-J$6))/(K$6-J$6)) -> 0 | AW68: =SUM(AO68:AV68) -> 0 | AX68: =MIN(U68,AW68+S68) -> 0 | AY68: =MAX(0,AX68-S68) -> 0 | AZ68: =IF($AW68>0,$AY68*(AO68/$AW68),0) -> 0 | BA68: =IF($AW68>0,$AY68*(AP68/$AW68),0) -> 0 | BB68: =IF($AW68>0,$AY68*(AQ68/$AW68),0) -> 0 | BC68: =IF($AW68>0,$AY68*(AR68/$AW68),0) -> 0 | BD68: =IF($AW68>0,$AY68*(AS68/$AW68),0) -> 0 | BE68: =IF($AW68>0,$AY68*(AT68/$AW68),0) -> 0 | BF68: =IF($AW68>0,$AY68*(AU68/$AW68),0) -> 0 | BG68: =IF($AW68>0,$AY68*(AV68/$AW68),0) -> 0 | BH68: =MIN(V68,MAX(0,(AG68-(D$11-$B$5*$B$2)))+MAX(0,S68-AX68)) -> 0 | BI68: =V68-BH68 -> 3.04 | BJ68: =BH68+MIN(BI68,BI68*((S68+AG68-AZ68-BH68-D$10*0.5)/(D$11-$B$5*$B$2-D$10*0.5))^4) -> 1.4326869 | BK68: =AG68-AZ68-BJ68 -> 45.549395 | BL68: =AH68-BA68 -> 63.2 | BM68: =AI68-BB68 -> 61.2 | BN68: =AJ68-BC68 -> 82.8 | BO68: =AK68-BD68 -> 79.8 | BP68: =AL68-BE68 -> 70.8 | BQ68: =AM68-BF68 -> 70.8 | BR68: =AN68-BG68 -> 70.8 | BS68: =MAX(0,(BK68-D$11)*$B$6) -> 0 | BT68: =MAX(0,(BL68-E$11)*$B$6) -> 0 | BU68: =MAX(0,(BM68-F$11)*$B$6) -> 0 | BV68: =MAX(0,(BN68-G$11)*$B$6) -> 0 | BW68: =MAX(0,(BO68-H$11)*$B$6) -> 0 | BX68: =MAX(0,(BP68-I$11)*$B$6) -> 0 | BY68: =MAX(0,(BQ68-J$11)*$B$6) -> 0 | BZ68: =MAX(0,(BR68-K$11)*$B$6) -> 0 | CA68: =BK68-BS68+MAX(0,S68-AY68-BJ68) -> 45.549395 | CB68: =BL68-BT68+BS68+CI68 -> 63.2 | CC68: =BM68-BU68+BT68+CJ68 -> 61.2 | CD68: =BN68-BV68+BU68+CK68 -> 82.8 | CE68: =BO68-BW68+BV68+CL68 -> 79.8 | CF68: =BP68-BX68+BW68+CM68 -> 70.8 | CG68: =BQ68-BY68+BX68+CN68 -> 70.8 | CH68: =BR68-BZ68+BY68+CO68 -> 70.8 | CI68: =MAX(0,CA68-D$12) -> 0 | CJ68: =MAX(0,CB68-E$12) -> 0 | CK68: =MAX(0,CC68-F$12) -> 0 | CL68: =MAX(0,CD68-G$12) -> 0 | CM68: =MAX(0,CE68-H$12) -> 0 | CN68: =MAX(0,CF68-I$12) -> 0 | CO68: =MAX(0,CG68-J$12) -> 0 | CP68: =MAX(0,CH68-K$12) -> 0
L69: 30381 | M69: 0 | N69: 4.9 | O69: 0 | P69: 0 | Q69: =0.15*($D$12-MAX(AG69,$D$10))/($D$12-$D$10) -> 0.11848096 | R69: =MAX(0,M69-Q69*$B$10)^2/(M69+$B$10*(1-Q69)) -> 0 | S69: =M69-R69 -> 0 | T69: =BZ69+CP69 -> 0 | U69: =N69*P69 -> 0 | V69: =MAX(0,N69*MAX(0,1-P69)*$B$2) -> 3.92 | W69: =SUM(AG69:AJ69)-SUM(D$10:G$10) -> 103.74939 | X69: =SUM(AK69:AN69)-SUM(H$10:K$10) -> 151.2 | Y69: =X69+W69 -> 254.94939 | Z69: =W69/(SUM(D$11:G$11)-SUM(D$10:G$10)) -> 0.81054215 | AA69: =X69/(SUM(H$11:K$11)-SUM(H$10:K$10)) -> 0.9 | AB69: =Y69/(SUM(D$11:K$11)-SUM(D$10:K$10)) -> 0.86131552 | AC69: =IF((AJ69-G$10)/(G$11-G$10)<0.3,"Si","No") -> No | AD69: =IF(O69>0.2,O69-O68,0) -> 0 | AE69: =IF(AF68<D$6,1,IF(AF68<E$6,MIN(1,(AH69-E$10)/(0.3*(E$11-E$10))),IF(AF68<F$6,MIN(1,(AI69-F$10)/(0.3*(F$11-F$10))),IF(AF68<G$6,MIN(1,(AJ69-G$10)/(0.3*(G$11-G$10))),IF(AF68<H$6,MIN(1,(AK69-H$10)/(0.3*(H$11-H$10))),IF(AF68<I$6,MIN(1,(AL69-I$10)/(0.3*(I$11-I$10))),IF(AF68<J$6,MIN(1,(AM69-J$10)/(0.3*(J$11-J$10))),IF(AF68<K$6,MIN(1,(AN69-K$10)/(0.3*(K$11-K$10))),0)))))))) -> 1 | AF69: =IF(O69<0.2,0,IF(O69=0.2,0.2,AF68+AD69*AE69)) -> 0 | AG69: =MIN(D$12,CA68) -> 45.549395 | AH69: =MIN(E$12,CB68) -> 63.2 | AI69: =MIN(F$12,CC68) -> 61.2 | AJ69: =MIN(G$12,CD68) -> 82.8 | AK69: =MIN(H$12,CE68) -> 79.8 | AL69: =MIN(I$12,CF68) -> 70.8 | AM69: =MIN(J$12,CG68) -> 70.8 | AN69: =MIN(K$12,CH68) -> 70.8 | AO69: =MAX(0,(AG69-D$10)*$B$8*MIN(1,(AG69-D$10)/($B$9*(D$11-D$10))))*MIN(1,$AF69/D$6) -> 0 | AP69: =MAX(0,(AH69-E$10)*$B$8*MIN(1,(AH69-E$10)/($B$9*(E$11-E$10))))*MIN(1,MAX(0,($AF69-D$6))/(E$6-D$6)) -> 0 | AQ69: =MAX(0,(AI69-F$10)*$B$8*MIN(1,(AI69-F$10)/($B$9*(F$11-F$10))))*MIN(1,MAX(0,($AF69-E$6))/(F$6-E$6)) -> 0 | AR69: =MAX(0,(AJ69-G$10)*$B$8*MIN(1,(AJ69-G$10)/($B$9*(G$11-G$10))))*MIN(1,MAX(0,($AF69-F$6))/(G$6-F$6)) -> 0 | AS69: =MAX(0,(AK69-H$10)*$B$8*MIN(1,(AK69-H$10)/($B$9*(H$11-H$10))))*MIN(1,MAX(0,($AF69-G$6))/(H$6-G$6)) -> 0 | AT69: =MAX(0,(AL69-I$10)*$B$8*MIN(1,(AL69-I$10)/($B$9*(I$11-I$10))))*MIN(1,MAX(0,($AF69-H$6))/(I$6-H$6)) -> 0 | AU69: =MAX(0,(AM69-J$10)*$B$8*MIN(1,(AM69-J$10)/($B$9*(J$11-J$10))))*MIN(1,MAX(0,($AF69-I$6))/(J$6-I$6)) -> 0 | AV69: =MAX(0,(AN69-K$10)*$B$8*MIN(1,(AN69-K$10)/($B$9*(K$11-K$10))))*MIN(1,MAX(0,($AF69-J$6))/(K$6-J$6)) -> 0 | AW69: =SUM(AO69:AV69) -> 0 | AX69: =MIN(U69,AW69+S69) -> 0 | AY69: =MAX(0,AX69-S69) -> 0 | AZ69: =IF($AW69>0,$AY69*(AO69/$AW69),0) -> 0 | BA69: =IF($AW69>0,$AY69*(AP69/$AW69),0) -> 0 | BB69: =IF($AW69>0,$AY69*(AQ69/$AW69),0) -> 0 | BC69: =IF($AW69>0,$AY69*(AR69/$AW69),0) -> 0 | BD69: =IF($AW69>0,$AY69*(AS69/$AW69),0) -> 0 | BE69: =IF($AW69>0,$AY69*(AT69/$AW69),0) -> 0 | BF69: =IF($AW69>0,$AY69*(AU69/$AW69),0) -> 0 | BG69: =IF($AW69>0,$AY69*(AV69/$AW69),0) -> 0 | BH69: =MIN(V69,MAX(0,(AG69-(D$11-$B$5*$B$2)))+MAX(0,S69-AX69)) -> 0 | BI69: =V69-BH69 -> 3.92 | BJ69: =BH69+MIN(BI69,BI69*((S69+AG69-AZ69-BH69-D$10*0.5)/(D$11-$B$5*$B$2-D$10*0.5))^4) -> 1.537968 | BK69: =AG69-AZ69-BJ69 -> 44.011427 | BL69: =AH69-BA69 -> 63.2 | BM69: =AI69-BB69 -> 61.2 | BN69: =AJ69-BC69 -> 82.8 | BO69: =AK69-BD69 -> 79.8 | BP69: =AL69-BE69 -> 70.8 | BQ69: =AM69-BF69 -> 70.8 | BR69: =AN69-BG69 -> 70.8 | BS69: =MAX(0,(BK69-D$11)*$B$6) -> 0 | BT69: =MAX(0,(BL69-E$11)*$B$6) -> 0 | BU69: =MAX(0,(BM69-F$11)*$B$6) -> 0 | BV69: =MAX(0,(BN69-G$11)*$B$6) -> 0 | BW69: =MAX(0,(BO69-H$11)*$B$6) -> 0 | BX69: =MAX(0,(BP69-I$11)*$B$6) -> 0 | BY69: =MAX(0,(BQ69-J$11)*$B$6) -> 0 | BZ69: =MAX(0,(BR69-K$11)*$B$6) -> 0 | CA69: =BK69-BS69+MAX(0,S69-AY69-BJ69) -> 44.011427 | CB69: =BL69-BT69+BS69+CI69 -> 63.2 | CC69: =BM69-BU69+BT69+CJ69 -> 61.2 | CD69: =BN69-BV69+BU69+CK69 -> 82.8 | CE69: =BO69-BW69+BV69+CL69 -> 79.8 | CF69: =BP69-BX69+BW69+CM69 -> 70.8 | CG69: =BQ69-BY69+BX69+CN69 -> 70.8 | CH69: =BR69-BZ69+BY69+CO69 -> 70.8 | CI69: =MAX(0,CA69-D$12) -> 0 | CJ69: =MAX(0,CB69-E$12) -> 0 | CK69: =MAX(0,CC69-F$12) -> 0 | CL69: =MAX(0,CD69-G$12) -> 0 | CM69: =MAX(0,CE69-H$12) -> 0 | CN69: =MAX(0,CF69-I$12) -> 0 | CO69: =MAX(0,CG69-J$12) -> 0 | CP69: =MAX(0,CH69-K$12) -> 0
L70: 30382 | M70: 0 | N70: 5.3 | O70: 0 | P70: 0 | Q70: =0.15*($D$12-MAX(AG70,$D$10))/($D$12-$D$10) -> 0.12159846 | R70: =MAX(0,M70-Q70*$B$10)^2/(M70+$B$10*(1-Q70)) -> 0 | S70: =M70-R70 -> 0 | T70: =BZ70+CP70 -> 0 | U70: =N70*P70 -> 0 | V70: =MAX(0,N70*MAX(0,1-P70)*$B$2) -> 4.24 | W70: =SUM(AG70:AJ70)-SUM(D$10:G$10) -> 102.21143 | X70: =SUM(AK70:AN70)-SUM(H$10:K$10) -> 151.2 | Y70: =X70+W70 -> 253.41143 | Z70: =W70/(SUM(D$11:G$11)-SUM(D$10:G$10)) -> 0.79852677 | AA70: =X70/(SUM(H$11:K$11)-SUM(H$10:K$10)) -> 0.9 | AB70: =Y70/(SUM(D$11:K$11)-SUM(D$10:K$10)) -> 0.85611969 | AC70: =IF((AJ70-G$10)/(G$11-G$10)<0.3,"Si","No") -> No | AD70: =IF(O70>0.2,O70-O69,0) -> 0 | AE70: =IF(AF69<D$6,1,IF(AF69<E$6,MIN(1,(AH70-E$10)/(0.3*(E$11-E$10))),IF(AF69<F$6,MIN(1,(AI70-F$10)/(0.3*(F$11-F$10))),IF(AF69<G$6,MIN(1,(AJ70-G$10)/(0.3*(G$11-G$10))),IF(AF69<H$6,MIN(1,(AK70-H$10)/(0.3*(H$11-H$10))),IF(AF69<I$6,MIN(1,(AL70-I$10)/(0.3*(I$11-I$10))),IF(AF69<J$6,MIN(1,(AM70-J$10)/(0.3*(J$11-J$10))),IF(AF69<K$6,MIN(1,(AN70-K$10)/(0.3*(K$11-K$10))),0)))))))) -> 1 | AF70: =IF(O70<0.2,0,IF(O70=0.2,0.2,AF69+AD70*AE70)) -> 0 | AG70: =MIN(D$12,CA69) -> 44.011427 | AH70: =MIN(E$12,CB69) -> 63.2 | AI70: =MIN(F$12,CC69) -> 61.2 | AJ70: =MIN(G$12,CD69) -> 82.8 | AK70: =MIN(H$12,CE69) -> 79.8 | AL70: =MIN(I$12,CF69) -> 70.8 | AM70: =MIN(J$12,CG69) -> 70.8 | AN70: =MIN(K$12,CH69) -> 70.8 | AO70: =MAX(0,(AG70-D$10)*$B$8*MIN(1,(AG70-D$10)/($B$9*(D$11-D$10))))*MIN(1,$AF70/D$6) -> 0 | AP70: =MAX(0,(AH70-E$10)*$B$8*MIN(1,(AH70-E$10)/($B$9*(E$11-E$10))))*MIN(1,MAX(0,($AF70-D$6))/(E$6-D$6)) -> 0 | AQ70: =MAX(0,(AI70-F$10)*$B$8*MIN(1,(AI70-F$10)/($B$9*(F$11-F$10))))*MIN(1,MAX(0,($AF70-E$6))/(F$6-E$6)) -> 0 | AR70: =MAX(0,(AJ70-G$10)*$B$8*MIN(1,(AJ70-G$10)/($B$9*(G$11-G$10))))*MIN(1,MAX(0,($AF70-F$6))/(G$6-F$6)) -> 0 | AS70: =MAX(0,(AK70-H$10)*$B$8*MIN(1,(AK70-H$10)/($B$9*(H$11-H$10))))*MIN(1,MAX(0,($AF70-G$6))/(H$6-G$6)) -> 0 | AT70: =MAX(0,(AL70-I$10)*$B$8*MIN(1,(AL70-I$10)/($B$9*(I$11-I$10))))*MIN(1,MAX(0,($AF70-H$6))/(I$6-H$6)) -> 0 | AU70: =MAX(0,(AM70-J$10)*$B$8*MIN(1,(AM70-J$10)/($B$9*(J$11-J$10))))*MIN(1,MAX(0,($AF70-I$6))/(J$6-I$6)) -> 0 | AV70: =MAX(0,(AN70-K$10)*$B$8*MIN(1,(AN70-K$10)/($B$9*(K$11-K$10))))*MIN(1,MAX(0,($AF70-J$6))/(K$6-J$6)) -> 0 | AW70: =SUM(AO70:AV70) -> 0 | AX70: =MIN(U70,AW70+S70) -> 0 | AY70: =MAX(0,AX70-S70) -> 0 | AZ70: =IF($AW70>0,$AY70*(AO70/$AW70),0) -> 0 | BA70: =IF($AW70>0,$AY70*(AP70/$AW70),0) -> 0 | BB70: =IF($AW70>0,$AY70*(AQ70/$AW70),0) -> 0 | BC70: =IF($AW70>0,$AY70*(AR70/$AW70),0) -> 0 | BD70: =IF($AW70>0,$AY70*(AS70/$AW70),0) -> 0 | BE70: =IF($AW70>0,$AY70*(AT70/$AW70),0) -> 0 | BF70: =IF($AW70>0,$AY70*(AU70/$AW70),0) -> 0 | BG70: =IF($AW70>0,$AY70*(AV70/$AW70),0) -> 0 | BH70: =MIN(V70,MAX(0,(AG70-(D$11-$B$5*$B$2)))+MAX(0,S70-AX70)) -> 0 | BI70: =V70-BH70 -> 4.24 | BJ70: =BH70+MIN(BI70,BI70*((S70+AG70-AZ70-BH70-D$10*0.5)/(D$11-$B$5*$B$2-D$10*0.5))^4) -> 1.352985 | BK70: =AG70-AZ70-BJ70 -> 42.658442 | BL70: =AH70-BA70 -> 63.2 | BM70: =AI70-BB70 -> 61.2 | BN70: =AJ70-BC70 -> 82.8 | BO70: =AK70-BD70 -> 79.8 | BP70: =AL70-BE70 -> 70.8 | BQ70: =AM70-BF70 -> 70.8 | BR70: =AN70-BG70 -> 70.8 | BS70: =MAX(0,(BK70-D$11)*$B$6) -> 0 | BT70: =MAX(0,(BL70-E$11)*$B$6) -> 0 | BU70: =MAX(0,(BM70-F$11)*$B$6) -> 0 | BV70: =MAX(0,(BN70-G$11)*$B$6) -> 0 | BW70: =MAX(0,(BO70-H$11)*$B$6) -> 0 | BX70: =MAX(0,(BP70-I$11)*$B$6) -> 0 | BY70: =MAX(0,(BQ70-J$11)*$B$6) -> 0 | BZ70: =MAX(0,(BR70-K$11)*$B$6) -> 0 | CA70: =BK70-BS70+MAX(0,S70-AY70-BJ70) -> 42.658442 | CB70: =BL70-BT70+BS70+CI70 -> 63.2 | CC70: =BM70-BU70+BT70+CJ70 -> 61.2 | CD70: =BN70-BV70+BU70+CK70 -> 82.8 | CE70: =BO70-BW70+BV70+CL70 -> 79.8 | CF70: =BP70-BX70+BW70+CM70 -> 70.8 | CG70: =BQ70-BY70+BX70+CN70 -> 70.8 | CH70: =BR70-BZ70+BY70+CO70 -> 70.8 | CI70: =MAX(0,CA70-D$12) -> 0 | CJ70: =MAX(0,CB70-E$12) -> 0 | CK70: =MAX(0,CC70-F$12) -> 0 | CL70: =MAX(0,CD70-G$12) -> 0 | CM70: =MAX(0,CE70-H$12) -> 0 | CN70: =MAX(0,CF70-I$12) -> 0 | CO70: =MAX(0,CG70-J$12) -> 0 | CP70: =MAX(0,CH70-K$12) -> 0
L71: 30383 | M71: 0 | N71: 5.6 | O71: 0 | P71: 0 | Q71: =0.15*($D$12-MAX(AG71,$D$10))/($D$12-$D$10) -> 0.124341 | R71: =MAX(0,M71-Q71*$B$10)^2/(M71+$B$10*(1-Q71)) -> 0 | S71: =M71-R71 -> 0 | T71: =BZ71+CP71 -> 0 | U71: =N71*P71 -> 0 | V71: =MAX(0,N71*MAX(0,1-P71)*$B$2) -> 4.48 | W71: =SUM(AG71:AJ71)-SUM(D$10:G$10) -> 100.85844 | X71: =SUM(AK71:AN71)-SUM(H$10:K$10) -> 151.2 | Y71: =X71+W71 -> 252.05844 | Z71: =W71/(SUM(D$11:G$11)-SUM(D$10:G$10)) -> 0.78795658 | AA71: =X71/(SUM(H$11:K$11)-SUM(H$10:K$10)) -> 0.9 | AB71: =Y71/(SUM(D$11:K$11)-SUM(D$10:K$10)) -> 0.85154879 | AC71: =IF((AJ71-G$10)/(G$11-G$10)<0.3,"Si","No") -> No | AD71: =IF(O71>0.2,O71-O70,0) -> 0 | AE71: =IF(AF70<D$6,1,IF(AF70<E$6,MIN(1,(AH71-E$10)/(0.3*(E$11-E$10))),IF(AF70<F$6,MIN(1,(AI71-F$10)/(0.3*(F$11-F$10))),IF(AF70<G$6,MIN(1,(AJ71-G$10)/(0.3*(G$11-G$10))),IF(AF70<H$6,MIN(1,(AK71-H$10)/(0.3*(H$11-H$10))),IF(AF70<I$6,MIN(1,(AL71-I$10)/(0.3*(I$11-I$10))),IF(AF70<J$6,MIN(1,(AM71-J$10)/(0.3*(J$11-J$10))),IF(AF70<K$6,MIN(1,(AN71-K$10)/(0.3*(K$11-K$10))),0)))))))) -> 1 | AF71: =IF(O71<0.2,0,IF(O71=0.2,0.2,AF70+AD71*AE71)) -> 0 | AG71: =MIN(D$12,CA70) -> 42.658442 | AH71: =MIN(E$12,CB70) -> 63.2 | AI71: =MIN(F$12,CC70) -> 61.2 | AJ71: =MIN(G$12,CD70) -> 82.8 | AK71: =MIN(H$12,CE70) -> 79.8 | AL71: =MIN(I$12,CF70) -> 70.8 | AM71: =MIN(J$12,CG70) -> 70.8 | AN71: =MIN(K$12,CH70) -> 70.8 | AO71: =MAX(0,(AG71-D$10)*$B$8*MIN(1,(AG71-D$10)/($B$9*(D$11-D$10))))*MIN(1,$AF71/D$6) -> 0 | AP71: =MAX(0,(AH71-E$10)*$B$8*MIN(1,(AH71-E$10)/($B$9*(E$11-E$10))))*MIN(1,MAX(0,($AF71-D$6))/(E$6-D$6)) -> 0 | AQ71: =MAX(0,(AI71-F$10)*$B$8*MIN(1,(AI71-F$10)/($B$9*(F$11-F$10))))*MIN(1,MAX(0,($AF71-E$6))/(F$6-E$6)) -> 0 | AR71: =MAX(0,(AJ71-G$10)*$B$8*MIN(1,(AJ71-G$10)/($B$9*(G$11-G$10))))*MIN(1,MAX(0,($AF71-F$6))/(G$6-F$6)) -> 0 | AS71: =MAX(0,(AK71-H$10)*$B$8*MIN(1,(AK71-H$10)/($B$9*(H$11-H$10))))*MIN(1,MAX(0,($AF71-G$6))/(H$6-G$6)) -> 0 | AT71: =MAX(0,(AL71-I$10)*$B$8*MIN(1,(AL71-I$10)/($B$9*(I$11-I$10))))*MIN(1,MAX(0,($AF71-H$6))/(I$6-H$6)) -> 0 | AU71: =MAX(0,(AM71-J$10)*$B$8*MIN(1,(AM71-J$10)/($B$9*(J$11-J$10))))*MIN(1,MAX(0,($AF71-I$6))/(J$6-I$6)) -> 0 | AV71: =MAX(0,(AN71-K$10)*$B$8*MIN(1,(AN71-K$10)/($B$9*(K$11-K$10))))*MIN(1,MAX(0,($AF71-J$6))/(K$6-J$6)) -> 0 | AW71: =SUM(AO71:AV71) -> 0 | AX71: =MIN(U71,AW71+S71) -> 0 | AY71: =MAX(0,AX71-S71) -> 0 | AZ71: =IF($AW71>0,$AY71*(AO71/$AW71),0) -> 0 | BA71: =IF($AW71>0,$AY71*(AP71/$AW71),0) -> 0 | BB71: =IF($AW71>0,$AY71*(AQ71/$AW71),0) -> 0 | BC71: =IF($AW71>0,$AY71*(AR71/$AW71),0) -> 0 | BD71: =IF($AW71>0,$AY71*(AS71/$AW71),0) -> 0 | BE71: =IF($AW71>0,$AY71*(AT71/$AW71),0) -> 0 | BF71: =IF($AW71>0,$AY71*(AU71/$AW71),0) -> 0 | BG71: =IF($AW71>0,$AY71*(AV71/$AW71),0) -> 0 | BH71: =MIN(V71,MAX(0,(AG71-(D$11-$B$5*$B$2)))+MAX(0,S71-AX71)) -> 0 | BI71: =V71-BH71 -> 4.48 | BJ71: =BH71+MIN(BI71,BI71*((S71+AG71-AZ71-BH71-D$10*0.5)/(D$11-$B$5*$B$2-D$10*0.5))^4) -> 1.1809721 | BK71: =AG71-AZ71-BJ71 -> 41.47747 | BL71: =AH71-BA71 -> 63.2 | BM71: =AI71-BB71 -> 61.2 | BN71: =AJ71-BC71 -> 82.8 | BO71: =AK71-BD71 -> 79.8 | BP71: =AL71-BE71 -> 70.8 | BQ71: =AM71-BF71 -> 70.8 | BR71: =AN71-BG71 -> 70.8 | BS71: =MAX(0,(BK71-D$11)*$B$6) -> 0 | BT71: =MAX(0,(BL71-E$11)*$B$6) -> 0 | BU71: =MAX(0,(BM71-F$11)*$B$6) -> 0 | BV71: =MAX(0,(BN71-G$11)*$B$6) -> 0 | BW71: =MAX(0,(BO71-H$11)*$B$6) -> 0 | BX71: =MAX(0,(BP71-I$11)*$B$6) -> 0 | BY71: =MAX(0,(BQ71-J$11)*$B$6) -> 0 | BZ71: =MAX(0,(BR71-K$11)*$B$6) -> 0 | CA71: =BK71-BS71+MAX(0,S71-AY71-BJ71) -> 41.47747 | CB71: =BL71-BT71+BS71+CI71 -> 63.2 | CC71: =BM71-BU71+BT71+CJ71 -> 61.2 | CD71: =BN71-BV71+BU71+CK71 -> 82.8 | CE71: =BO71-BW71+BV71+CL71 -> 79.8 | CF71: =BP71-BX71+BW71+CM71 -> 70.8 | CG71: =BQ71-BY71+BX71+CN71 -> 70.8 | CH71: =BR71-BZ71+BY71+CO71 -> 70.8 | CI71: =MAX(0,CA71-D$12) -> 0 | CJ71: =MAX(0,CB71-E$12) -> 0 | CK71: =MAX(0,CC71-F$12) -> 0 | CL71: =MAX(0,CD71-G$12) -> 0 | CM71: =MAX(0,CE71-H$12) -> 0 | CN71: =MAX(0,CF71-I$12) -> 0 | CO71: =MAX(0,CG71-J$12) -> 0 | CP71: =MAX(0,CH71-K$12) -> 0
L72: 30384 | M72: 3.9 | N72: 4.2 | O72: 0 | P72: 0 | Q72: =0.15*($D$12-MAX(AG72,$D$10))/($D$12-$D$10) -> 0.12673486 | R72: =MAX(0,M72-Q72*$B$10)^2/(M72+$B$10*(1-Q72)) -> 0 | S72: =M72-R72 -> 3.9 | T72: =BZ72+CP72 -> 0 | U72: =N72*P72 -> 0 | V72: =MAX(0,N72*MAX(0,1-P72)*$B$2) -> 3.36 | W72: =SUM(AG72:AJ72)-SUM(D$10:G$10) -> 99.67747 | X72: =SUM(AK72:AN72)-SUM(H$10:K$10) -> 151.2 | Y72: =X72+W72 -> 250.87747 | Z72: =W72/(SUM(D$11:G$11)-SUM(D$10:G$10)) -> 0.77873023 | AA72: =X72/(SUM(H$11:K$11)-SUM(H$10:K$10)) -> 0.9 | AB72: =Y72/(SUM(D$11:K$11)-SUM(D$10:K$10)) -> 0.84755902 | AC72: =IF((AJ72-G$10)/(G$11-G$10)<0.3,"Si","No") -> No | AD72: =IF(O72>0.2,O72-O71,0) -> 0 | AE72: =IF(AF71<D$6,1,IF(AF71<E$6,MIN(1,(AH72-E$10)/(0.3*(E$11-E$10))),IF(AF71<F$6,MIN(1,(AI72-F$10)/(0.3*(F$11-F$10))),IF(AF71<G$6,MIN(1,(AJ72-G$10)/(0.3*(G$11-G$10))),IF(AF71<H$6,MIN(1,(AK72-H$10)/(0.3*(H$11-H$10))),IF(AF71<I$6,MIN(1,(AL72-I$10)/(0.3*(I$11-I$10))),IF(AF71<J$6,MIN(1,(AM72-J$10)/(0.3*(J$11-J$10))),IF(AF71<K$6,MIN(1,(AN72-K$10)/(0.3*(K$11-K$10))),0)))))))) -> 1 | AF72: =IF(O72<0.2,0,IF(O72=0.2,0.2,AF71+AD72*AE72)) -> 0 | AG72: =MIN(D$12,CA71) -> 41.47747 | AH72: =MIN(E$12,CB71) -> 63.2 | AI72: =MIN(F$12,CC71) -> 61.2 | AJ72: =MIN(G$12,CD71) -> 82.8 | AK72: =MIN(H$12,CE71) -> 79.8 | AL72: =MIN(I$12,CF71) -> 70.8 | AM72: =MIN(J$12,CG71) -> 70.8 | AN72: =MIN(K$12,CH71) -> 70.8 | AO72: =MAX(0,(AG72-D$10)*$B$8*MIN(1,(AG72-D$10)/($B$9*(D$11-D$10))))*MIN(1,$AF72/D$6) -> 0 | AP72: =MAX(0,(AH72-E$10)*$B$8*MIN(1,(AH72-E$10)/($B$9*(E$11-E$10))))*MIN(1,MAX(0,($AF72-D$6))/(E$6-D$6)) -> 0 | AQ72: =MAX(0,(AI72-F$10)*$B$8*MIN(1,(AI72-F$10)/($B$9*(F$11-F$10))))*MIN(1,MAX(0,($AF72-E$6))/(F$6-E$6)) -> 0 | AR72: =MAX(0,(AJ72-G$10)*$B$8*MIN(1,(AJ72-G$10)/($B$9*(G$11-G$10))))*MIN(1,MAX(0,($AF72-F$6))/(G$6-F$6)) -> 0 | AS72: =MAX(0,(AK72-H$10)*$B$8*MIN(1,(AK72-H$10)/($B$9*(H$11-H$10))))*MIN(1,MAX(0,($AF72-G$6))/(H$6-G$6)) -> 0 | AT72: =MAX(0,(AL72-I$10)*$B$8*MIN(1,(AL72-I$10)/($B$9*(I$11-I$10))))*MIN(1,MAX(0,($AF72-H$6))/(I$6-H$6)) -> 0 | AU72: =MAX(0,(AM72-J$10)*$B$8*MIN(1,(AM72-J$10)/($B$9*(J$11-J$10))))*MIN(1,MAX(0,($AF72-I$6))/(J$6-I$6)) -> 0 | AV72: =MAX(0,(AN72-K$10)*$B$8*MIN(1,(AN72-K$10)/($B$9*(K$11-K$10))))*MIN(1,MAX(0,($AF72-J$6))/(K$6-J$6)) -> 0 | AW72: =SUM(AO72:AV72) -> 0 | AX72: =MIN(U72,AW72+S72) -> 0 | AY72: =MAX(0,AX72-S72) -> 0 | AZ72: =IF($AW72>0,$AY72*(AO72/$AW72),0) -> 0 | BA72: =IF($AW72>0,$AY72*(AP72/$AW72),0) -> 0 | BB72: =IF($AW72>0,$AY72*(AQ72/$AW72),0) -> 0 | BC72: =IF($AW72>0,$AY72*(AR72/$AW72),0) -> 0 | BD72: =IF($AW72>0,$AY72*(AS72/$AW72),0) -> 0 | BE72: =IF($AW72>0,$AY72*(AT72/$AW72),0) -> 0 | BF72: =IF($AW72>0,$AY72*(AU72/$AW72),0) -> 0 | BG72: =IF($AW72>0,$AY72*(AV72/$AW72),0) -> 0 | BH72: =MIN(V72,MAX(0,(AG72-(D$11-$B$5*$B$2)))+MAX(0,S72-AX72)) -> 3.36 | BI72: =V72-BH72 -> 0 | BJ72: =BH72+MIN(BI72,BI72*((S72+AG72-AZ72-BH72-D$10*0.5)/(D$11-$B$5*$B$2-D$10*0.5))^4) -> 3.36 | BK72: =AG72-AZ72-BJ72 -> 38.11747 | BL72: =AH72-BA72 -> 63.2 | BM72: =AI72-BB72 -> 61.2 | BN72: =AJ72-BC72 -> 82.8 | BO72: =AK72-BD72 -> 79.8 | BP72: =AL72-BE72 -> 70.8 | BQ72: =AM72-BF72 -> 70.8 | BR72: =AN72-BG72 -> 70.8 | BS72: =MAX(0,(BK72-D$11)*$B$6) -> 0 | BT72: =MAX(0,(BL72-E$11)*$B$6) -> 0 | BU72: =MAX(0,(BM72-F$11)*$B$6) -> 0 | BV72: =MAX(0,(BN72-G$11)*$B$6) -> 0 | BW72: =MAX(0,(BO72-H$11)*$B$6) -> 0 | BX72: =MAX(0,(BP72-I$11)*$B$6) -> 0 | BY72: =MAX(0,(BQ72-J$11)*$B$6) -> 0 | BZ72: =MAX(0,(BR72-K$11)*$B$6) -> 0 | CA72: =BK72-BS72+MAX(0,S72-AY72-BJ72) -> 38.65747 | CB72: =BL72-BT72+BS72+CI72 -> 63.2 | CC72: =BM72-BU72+BT72+CJ72 -> 61.2 | CD72: =BN72-BV72+BU72+CK72 -> 82.8 | CE72: =BO72-BW72+BV72+CL72 -> 79.8 | CF72: =BP72-BX72+BW72+CM72 -> 70.8 | CG72: =BQ72-BY72+BX72+CN72 -> 70.8 | CH72: =BR72-BZ72+BY72+CO72 -> 70.8 | CI72: =MAX(0,CA72-D$12) -> 0 | CJ72: =MAX(0,CB72-E$12) -> 0 | CK72: =MAX(0,CC72-F$12) -> 0 | CL72: =MAX(0,CD72-G$12) -> 0 | CM72: =MAX(0,CE72-H$12) -> 0 | CN72: =MAX(0,CF72-I$12) -> 0 | CO72: =MAX(0,CG72-J$12) -> 0 | CP72: =MAX(0,CH72-K$12) -> 0
L73: 30385 | M73: 4.4 | N73: 1.5 | O73: 0 | P73: 0 | Q73: =0.15*($D$12-MAX(AG73,$D$10))/($D$12-$D$10) -> 0.13245107 | R73: =MAX(0,M73-Q73*$B$10)^2/(M73+$B$10*(1-Q73)) -> 0 | S73: =M73-R73 -> 4.4 | T73: =BZ73+CP73 -> 0 | U73: =N73*P73 -> 0 | V73: =MAX(0,N73*MAX(0,1-P73)*$B$2) -> 1.2 | W73: =SUM(AG73:AJ73)-SUM(D$10:G$10) -> 96.85747 | X73: =SUM(AK73:AN73)-SUM(H$10:K$10) -> 151.2 | Y73: =X73+W73 -> 248.05747 | Z73: =W73/(SUM(D$11:G$11)-SUM(D$10:G$10)) -> 0.75669898 | AA73: =X73/(SUM(H$11:K$11)-SUM(H$10:K$10)) -> 0.9 | AB73: =Y73/(SUM(D$11:K$11)-SUM(D$10:K$10)) -> 0.83803199 | AC73: =IF((AJ73-G$10)/(G$11-G$10)<0.3,"Si","No") -> No | AD73: =IF(O73>0.2,O73-O72,0) -> 0 | AE73: =IF(AF72<D$6,1,IF(AF72<E$6,MIN(1,(AH73-E$10)/(0.3*(E$11-E$10))),IF(AF72<F$6,MIN(1,(AI73-F$10)/(0.3*(F$11-F$10))),IF(AF72<G$6,MIN(1,(AJ73-G$10)/(0.3*(G$11-G$10))),IF(AF72<H$6,MIN(1,(AK73-H$10)/(0.3*(H$11-H$10))),IF(AF72<I$6,MIN(1,(AL73-I$10)/(0.3*(I$11-I$10))),IF(AF72<J$6,MIN(1,(AM73-J$10)/(0.3*(J$11-J$10))),IF(AF72<K$6,MIN(1,(AN73-K$10)/(0.3*(K$11-K$10))),0)))))))) -> 1 | AF73: =IF(O73<0.2,0,IF(O73=0.2,0.2,AF72+AD73*AE73)) -> 0 | AG73: =MIN(D$12,CA72) -> 38.65747 | AH73: =MIN(E$12,CB72) -> 63.2 | AI73: =MIN(F$12,CC72) -> 61.2 | AJ73: =MIN(G$12,CD72) -> 82.8 | AK73: =MIN(H$12,CE72) -> 79.8 | AL73: =MIN(I$12,CF72) -> 70.8 | AM73: =MIN(J$12,CG72) -> 70.8 | AN73: =MIN(K$12,CH72) -> 70.8 | AO73: =MAX(0,(AG73-D$10)*$B$8*MIN(1,(AG73-D$10)/($B$9*(D$11-D$10))))*MIN(1,$AF73/D$6) -> 0 | AP73: =MAX(0,(AH73-E$10)*$B$8*MIN(1,(AH73-E$10)/($B$9*(E$11-E$10))))*MIN(1,MAX(0,($AF73-D$6))/(E$6-D$6)) -> 0 | AQ73: =MAX(0,(AI73-F$10)*$B$8*MIN(1,(AI73-F$10)/($B$9*(F$11-F$10))))*MIN(1,MAX(0,($AF73-E$6))/(F$6-E$6)) -> 0 | AR73: =MAX(0,(AJ73-G$10)*$B$8*MIN(1,(AJ73-G$10)/($B$9*(G$11-G$10))))*MIN(1,MAX(0,($AF73-F$6))/(G$6-F$6)) -> 0 | AS73: =MAX(0,(AK73-H$10)*$B$8*MIN(1,(AK73-H$10)/($B$9*(H$11-H$10))))*MIN(1,MAX(0,($AF73-G$6))/(H$6-G$6)) -> 0 | AT73: =MAX(0,(AL73-I$10)*$B$8*MIN(1,(AL73-I$10)/($B$9*(I$11-I$10))))*MIN(1,MAX(0,($AF73-H$6))/(I$6-H$6)) -> 0 | AU73: =MAX(0,(AM73-J$10)*$B$8*MIN(1,(AM73-J$10)/($B$9*(J$11-J$10))))*MIN(1,MAX(0,($AF73-I$6))/(J$6-I$6)) -> 0 | AV73: =MAX(0,(AN73-K$10)*$B$8*MIN(1,(AN73-K$10)/($B$9*(K$11-K$10))))*MIN(1,MAX(0,($AF73-J$6))/(K$6-J$6)) -> 0 | AW73: =SUM(AO73:AV73) -> 0 | AX73: =MIN(U73,AW73+S73) -> 0 | AY73: =MAX(0,AX73-S73) -> 0 | AZ73: =IF($AW73>0,$AY73*(AO73/$AW73),0) -> 0 | BA73: =IF($AW73>0,$AY73*(AP73/$AW73),0) -> 0 | BB73: =IF($AW73>0,$AY73*(AQ73/$AW73),0) -> 0 | BC73: =IF($AW73>0,$AY73*(AR73/$AW73),0) -> 0 | BD73: =IF($AW73>0,$AY73*(AS73/$AW73),0) -> 0 | BE73: =IF($AW73>0,$AY73*(AT73/$AW73),0) -> 0 | BF73: =IF($AW73>0,$AY73*(AU73/$AW73),0) -> 0 | BG73: =IF($AW73>0,$AY73*(AV73/$AW73),0) -> 0 | BH73: =MIN(V73,MAX(0,(AG73-(D$11-$B$5*$B$2)))+MAX(0,S73-AX73)) -> 1.2 | BI73: =V73-BH73 -> 0 | BJ73: =BH73+MIN(BI73,BI73*((S73+AG73-AZ73-BH73-D$10*0.5)/(D$11-$B$5*$B$2-D$10*0.5))^4) -> 1.2 | BK73: =AG73-AZ73-BJ73 -> 37.45747 | BL73: =AH73-BA73 -> 63.2 | BM73: =AI73-BB73 -> 61.2 | BN73: =AJ73-BC73 -> 82.8 | BO73: =AK73-BD73 -> 79.8 | BP73: =AL73-BE73 -> 70.8 | BQ73: =AM73-BF73 -> 70.8 | BR73: =AN73-BG73 -> 70.8 | BS73: =MAX(0,(BK73-D$11)*$B$6) -> 0 | BT73: =MAX(0,(BL73-E$11)*$B$6) -> 0 | BU73: =MAX(0,(BM73-F$11)*$B$6) -> 0 | BV73: =MAX(0,(BN73-G$11)*$B$6) -> 0 | BW73: =MAX(0,(BO73-H$11)*$B$6) -> 0 | BX73: =MAX(0,(BP73-I$11)*$B$6) -> 0 | BY73: =MAX(0,(BQ73-J$11)*$B$6) -> 0 | BZ73: =MAX(0,(BR73-K$11)*$B$6) -> 0 | CA73: =BK73-BS73+MAX(0,S73-AY73-BJ73) -> 40.65747 | CB73: =BL73-BT73+BS73+CI73 -> 63.2 | CC73: =BM73-BU73+BT73+CJ73 -> 61.2 | CD73: =BN73-BV73+BU73+CK73 -> 82.8 | CE73: =BO73-BW73+BV73+CL73 -> 79.8 | CF73: =BP73-BX73+BW73+CM73 -> 70.8 | CG73: =BQ73-BY73+BX73+CN73 -> 70.8 | CH73: =BR73-BZ73+BY73+CO73 -> 70.8 | CI73: =MAX(0,CA73-D$12) -> 0 | CJ73: =MAX(0,CB73-E$12) -> 0 | CK73: =MAX(0,CC73-F$12) -> 0 | CL73: =MAX(0,CD73-G$12) -> 0 | CM73: =MAX(0,CE73-H$12) -> 0 | CN73: =MAX(0,CF73-I$12) -> 0 | CO73: =MAX(0,CG73-J$12) -> 0 | CP73: =MAX(0,CH73-K$12) -> 0
L74: 30386 | M74: 0 | N74: 3.5 | O74: 0 | P74: 0 | Q74: =0.15*($D$12-MAX(AG74,$D$10))/($D$12-$D$10) -> 0.12839702 | R74: =MAX(0,M74-Q74*$B$10)^2/(M74+$B$10*(1-Q74)) -> 0 | S74: =M74-R74 -> 0 | T74: =BZ74+CP74 -> 0 | U74: =N74*P74 -> 0 | V74: =MAX(0,N74*MAX(0,1-P74)*$B$2) -> 2.8 | W74: =SUM(AG74:AJ74)-SUM(D$10:G$10) -> 98.85747 | X74: =SUM(AK74:AN74)-SUM(H$10:K$10) -> 151.2 | Y74: =X74+W74 -> 250.05747 | Z74: =W74/(SUM(D$11:G$11)-SUM(D$10:G$10)) -> 0.77232398 | AA74: =X74/(SUM(H$11:K$11)-SUM(H$10:K$10)) -> 0.9 | AB74: =Y74/(SUM(D$11:K$11)-SUM(D$10:K$10)) -> 0.84478875 | AC74: =IF((AJ74-G$10)/(G$11-G$10)<0.3,"Si","No") -> No | AD74: =IF(O74>0.2,O74-O73,0) -> 0 | AE74: =IF(AF73<D$6,1,IF(AF73<E$6,MIN(1,(AH74-E$10)/(0.3*(E$11-E$10))),IF(AF73<F$6,MIN(1,(AI74-F$10)/(0.3*(F$11-F$10))),IF(AF73<G$6,MIN(1,(AJ74-G$10)/(0.3*(G$11-G$10))),IF(AF73<H$6,MIN(1,(AK74-H$10)/(0.3*(H$11-H$10))),IF(AF73<I$6,MIN(1,(AL74-I$10)/(0.3*(I$11-I$10))),IF(AF73<J$6,MIN(1,(AM74-J$10)/(0.3*(J$11-J$10))),IF(AF73<K$6,MIN(1,(AN74-K$10)/(0.3*(K$11-K$10))),0)))))))) -> 1 | AF74: =IF(O74<0.2,0,IF(O74=0.2,0.2,AF73+AD74*AE74)) -> 0 | AG74: =MIN(D$12,CA73) -> 40.65747 | AH74: =MIN(E$12,CB73) -> 63.2 | AI74: =MIN(F$12,CC73) -> 61.2 | AJ74: =MIN(G$12,CD73) -> 82.8 | AK74: =MIN(H$12,CE73) -> 79.8 | AL74: =MIN(I$12,CF73) -> 70.8 | AM74: =MIN(J$12,CG73) -> 70.8 | AN74: =MIN(K$12,CH73) -> 70.8 | AO74: =MAX(0,(AG74-D$10)*$B$8*MIN(1,(AG74-D$10)/($B$9*(D$11-D$10))))*MIN(1,$AF74/D$6) -> 0 | AP74: =MAX(0,(AH74-E$10)*$B$8*MIN(1,(AH74-E$10)/($B$9*(E$11-E$10))))*MIN(1,MAX(0,($AF74-D$6))/(E$6-D$6)) -> 0 | AQ74: =MAX(0,(AI74-F$10)*$B$8*MIN(1,(AI74-F$10)/($B$9*(F$11-F$10))))*MIN(1,MAX(0,($AF74-E$6))/(F$6-E$6)) -> 0 | AR74: =MAX(0,(AJ74-G$10)*$B$8*MIN(1,(AJ74-G$10)/($B$9*(G$11-G$10))))*MIN(1,MAX(0,($AF74-F$6))/(G$6-F$6)) -> 0 | AS74: =MAX(0,(AK74-H$10)*$B$8*MIN(1,(AK74-H$10)/($B$9*(H$11-H$10))))*MIN(1,MAX(0,($AF74-G$6))/(H$6-G$6)) -> 0 | AT74: =MAX(0,(AL74-I$10)*$B$8*MIN(1,(AL74-I$10)/($B$9*(I$11-I$10))))*MIN(1,MAX(0,($AF74-H$6))/(I$6-H$6)) -> 0 | AU74: =MAX(0,(AM74-J$10)*$B$8*MIN(1,(AM74-J$10)/($B$9*(J$11-J$10))))*MIN(1,MAX(0,($AF74-I$6))/(J$6-I$6)) -> 0 | AV74: =MAX(0,(AN74-K$10)*$B$8*MIN(1,(AN74-K$10)/($B$9*(K$11-K$10))))*MIN(1,MAX(0,($AF74-J$6))/(K$6-J$6)) -> 0 | AW74: =SUM(AO74:AV74) -> 0 | AX74: =MIN(U74,AW74+S74) -> 0 | AY74: =MAX(0,AX74-S74) -> 0 | AZ74: =IF($AW74>0,$AY74*(AO74/$AW74),0) -> 0 | BA74: =IF($AW74>0,$AY74*(AP74/$AW74),0) -> 0 | BB74: =IF($AW74>0,$AY74*(AQ74/$AW74),0) -> 0 | BC74: =IF($AW74>0,$AY74*(AR74/$AW74),0) -> 0 | BD74: =IF($AW74>0,$AY74*(AS74/$AW74),0) -> 0 | BE74: =IF($AW74>0,$AY74*(AT74/$AW74),0) -> 0 | BF74: =IF($AW74>0,$AY74*(AU74/$AW74),0) -> 0 | BG74: =IF($AW74>0,$AY74*(AV74/$AW74),0) -> 0 | BH74: =MIN(V74,MAX(0,(AG74-(D$11-$B$5*$B$2)))+MAX(0,S74-AX74)) -> 0 | BI74: =V74-BH74 -> 2.8 | BJ74: =BH74+MIN(BI74,BI74*((S74+AG74-AZ74-BH74-D$10*0.5)/(D$11-$B$5*$B$2-D$10*0.5))^4) -> 0.54659306 | BK74: =AG74-AZ74-BJ74 -> 40.110877 | BL74: =AH74-BA74 -> 63.2 | BM74: =AI74-BB74 -> 61.2 | BN74: =AJ74-BC74 -> 82.8 | BO74: =AK74-BD74 -> 79.8 | BP74: =AL74-BE74 -> 70.8 | BQ74: =AM74-BF74 -> 70.8 | BR74: =AN74-BG74 -> 70.8 | BS74: =MAX(0,(BK74-D$11)*$B$6) -> 0 | BT74: =MAX(0,(BL74-E$11)*$B$6) -> 0 | BU74: =MAX(0,(BM74-F$11)*$B$6) -> 0 | BV74: =MAX(0,(BN74-G$11)*$B$6) -> 0 | BW74: =MAX(0,(BO74-H$11)*$B$6) -> 0 | BX74: =MAX(0,(BP74-I$11)*$B$6) -> 0 | BY74: =MAX(0,(BQ74-J$11)*$B$6) -> 0 | BZ74: =MAX(0,(BR74-K$11)*$B$6) -> 0 | CA74: =BK74-BS74+MAX(0,S74-AY74-BJ74) -> 40.110877 | CB74: =BL74-BT74+BS74+CI74 -> 63.2 | CC74: =BM74-BU74+BT74+CJ74 -> 61.2 | CD74: =BN74-BV74+BU74+CK74 -> 82.8 | CE74: =BO74-BW74+BV74+CL74 -> 79.8 | CF74: =BP74-BX74+BW74+CM74 -> 70.8 | CG74: =BQ74-BY74+BX74+CN74 -> 70.8 | CH74: =BR74-BZ74+BY74+CO74 -> 70.8 | CI74: =MAX(0,CA74-D$12) -> 0 | CJ74: =MAX(0,CB74-E$12) -> 0 | CK74: =MAX(0,CC74-F$12) -> 0 | CL74: =MAX(0,CD74-G$12) -> 0 | CM74: =MAX(0,CE74-H$12) -> 0 | CN74: =MAX(0,CF74-I$12) -> 0 | CO74: =MAX(0,CG74-J$12) -> 0 | CP74: =MAX(0,CH74-K$12) -> 0
L75: 30387 | M75: 0 | N75: 2.1 | O75: 0 | P75: 0 | Q75: =0.15*($D$12-MAX(AG75,$D$10))/($D$12-$D$10) -> 0.12950498 | R75: =MAX(0,M75-Q75*$B$10)^2/(M75+$B$10*(1-Q75)) -> 0 | S75: =M75-R75 -> 0 | T75: =BZ75+CP75 -> 0 | U75: =N75*P75 -> 0 | V75: =MAX(0,N75*MAX(0,1-P75)*$B$2) -> 1.68 | W75: =SUM(AG75:AJ75)-SUM(D$10:G$10) -> 98.310877 | X75: =SUM(AK75:AN75)-SUM(H$10:K$10) -> 151.2 | Y75: =X75+W75 -> 249.51088 | Z75: =W75/(SUM(D$11:G$11)-SUM(D$10:G$10)) -> 0.76805372 | AA75: =X75/(SUM(H$11:K$11)-SUM(H$10:K$10)) -> 0.9 | AB75: =Y75/(SUM(D$11:K$11)-SUM(D$10:K$10)) -> 0.84294215 | AC75: =IF((AJ75-G$10)/(G$11-G$10)<0.3,"Si","No") -> No | AD75: =IF(O75>0.2,O75-O74,0) -> 0 | AE75: =IF(AF74<D$6,1,IF(AF74<E$6,MIN(1,(AH75-E$10)/(0.3*(E$11-E$10))),IF(AF74<F$6,MIN(1,(AI75-F$10)/(0.3*(F$11-F$10))),IF(AF74<G$6,MIN(1,(AJ75-G$10)/(0.3*(G$11-G$10))),IF(AF74<H$6,MIN(1,(AK75-H$10)/(0.3*(H$11-H$10))),IF(AF74<I$6,MIN(1,(AL75-I$10)/(0.3*(I$11-I$10))),IF(AF74<J$6,MIN(1,(AM75-J$10)/(0.3*(J$11-J$10))),IF(AF74<K$6,MIN(1,(AN75-K$10)/(0.3*(K$11-K$10))),0)))))))) -> 1 | AF75: =IF(O75<0.2,0,IF(O75=0.2,0.2,AF74+AD75*AE75)) -> 0 | AG75: =MIN(D$12,CA74) -> 40.110877 | AH75: =MIN(E$12,CB74) -> 63.2 | AI75: =MIN(F$12,CC74) -> 61.2 | AJ75: =MIN(G$12,CD74) -> 82.8 | AK75: =MIN(H$12,CE74) -> 79.8 | AL75: =MIN(I$12,CF74) -> 70.8 | AM75: =MIN(J$12,CG74) -> 70.8 | AN75: =MIN(K$12,CH74) -> 70.8 | AO75: =MAX(0,(AG75-D$10)*$B$8*MIN(1,(AG75-D$10)/($B$9*(D$11-D$10))))*MIN(1,$AF75/D$6) -> 0 | AP75: =MAX(0,(AH75-E$10)*$B$8*MIN(1,(AH75-E$10)/($B$9*(E$11-E$10))))*MIN(1,MAX(0,($AF75-D$6))/(E$6-D$6)) -> 0 | AQ75: =MAX(0,(AI75-F$10)*$B$8*MIN(1,(AI75-F$10)/($B$9*(F$11-F$10))))*MIN(1,MAX(0,($AF75-E$6))/(F$6-E$6)) -> 0 | AR75: =MAX(0,(AJ75-G$10)*$B$8*MIN(1,(AJ75-G$10)/($B$9*(G$11-G$10))))*MIN(1,MAX(0,($AF75-F$6))/(G$6-F$6)) -> 0 | AS75: =MAX(0,(AK75-H$10)*$B$8*MIN(1,(AK75-H$10)/($B$9*(H$11-H$10))))*MIN(1,MAX(0,($AF75-G$6))/(H$6-G$6)) -> 0 | AT75: =MAX(0,(AL75-I$10)*$B$8*MIN(1,(AL75-I$10)/($B$9*(I$11-I$10))))*MIN(1,MAX(0,($AF75-H$6))/(I$6-H$6)) -> 0 | AU75: =MAX(0,(AM75-J$10)*$B$8*MIN(1,(AM75-J$10)/($B$9*(J$11-J$10))))*MIN(1,MAX(0,($AF75-I$6))/(J$6-I$6)) -> 0 | AV75: =MAX(0,(AN75-K$10)*$B$8*MIN(1,(AN75-K$10)/($B$9*(K$11-K$10))))*MIN(1,MAX(0,($AF75-J$6))/(K$6-J$6)) -> 0 | AW75: =SUM(AO75:AV75) -> 0 | AX75: =MIN(U75,AW75+S75) -> 0 | AY75: =MAX(0,AX75-S75) -> 0 | AZ75: =IF($AW75>0,$AY75*(AO75/$AW75),0) -> 0 | BA75: =IF($AW75>0,$AY75*(AP75/$AW75),0) -> 0 | BB75: =IF($AW75>0,$AY75*(AQ75/$AW75),0) -> 0 | BC75: =IF($AW75>0,$AY75*(AR75/$AW75),0) -> 0 | BD75: =IF($AW75>0,$AY75*(AS75/$AW75),0) -> 0 | BE75: =IF($AW75>0,$AY75*(AT75/$AW75),0) -> 0 | BF75: =IF($AW75>0,$AY75*(AU75/$AW75),0) -> 0 | BG75: =IF($AW75>0,$AY75*(AV75/$AW75),0) -> 0 | BH75: =MIN(V75,MAX(0,(AG75-(D$11-$B$5*$B$2)))+MAX(0,S75-AX75)) -> 0 | BI75: =V75-BH75 -> 1.68 | BJ75: =BH75+MIN(BI75,BI75*((S75+AG75-AZ75-BH75-D$10*0.5)/(D$11-$B$5*$B$2-D$10*0.5))^4) -> 0.30088987 | BK75: =AG75-AZ75-BJ75 -> 39.809987 | BL75: =AH75-BA75 -> 63.2 | BM75: =AI75-BB75 -> 61.2 | BN75: =AJ75-BC75 -> 82.8 | BO75: =AK75-BD75 -> 79.8 | BP75: =AL75-BE75 -> 70.8 | BQ75: =AM75-BF75 -> 70.8 | BR75: =AN75-BG75 -> 70.8 | BS75: =MAX(0,(BK75-D$11)*$B$6) -> 0 | BT75: =MAX(0,(BL75-E$11)*$B$6) -> 0 | BU75: =MAX(0,(BM75-F$11)*$B$6) -> 0 | BV75: =MAX(0,(BN75-G$11)*$B$6) -> 0 | BW75: =MAX(0,(BO75-H$11)*$B$6) -> 0 | BX75: =MAX(0,(BP75-I$11)*$B$6) -> 0 | BY75: =MAX(0,(BQ75-J$11)*$B$6) -> 0 | BZ75: =MAX(0,(BR75-K$11)*$B$6) -> 0 | CA75: =BK75-BS75+MAX(0,S75-AY75-BJ75) -> 39.809987 | CB75: =BL75-BT75+BS75+CI75 -> 63.2 | CC75: =BM75-BU75+BT75+CJ75 -> 61.2 | CD75: =BN75-BV75+BU75+CK75 -> 82.8 | CE75: =BO75-BW75+BV75+CL75 -> 79.8 | CF75: =BP75-BX75+BW75+CM75 -> 70.8 | CG75: =BQ75-BY75+BX75+CN75 -> 70.8 | CH75: =BR75-BZ75+BY75+CO75 -> 70.8 | CI75: =MAX(0,CA75-D$12) -> 0 | CJ75: =MAX(0,CB75-E$12) -> 0 | CK75: =MAX(0,CC75-F$12) -> 0 | CL75: =MAX(0,CD75-G$12) -> 0 | CM75: =MAX(0,CE75-H$12) -> 0 | CN75: =MAX(0,CF75-I$12) -> 0 | CO75: =MAX(0,CG75-J$12) -> 0 | CP75: =MAX(0,CH75-K$12) -> 0
L76: 30388 | M76: 0 | N76: 3.3 | O76: 0 | P76: 0 | Q76: =0.15*($D$12-MAX(AG76,$D$10))/($D$12-$D$10) -> 0.13011489 | R76: =MAX(0,M76-Q76*$B$10)^2/(M76+$B$10*(1-Q76)) -> 0 | S76: =M76-R76 -> 0 | T76: =BZ76+CP76 -> 0 | U76: =N76*P76 -> 0 | V76: =MAX(0,N76*MAX(0,1-P76)*$B$2) -> 2.64 | W76: =SUM(AG76:AJ76)-SUM(D$10:G$10) -> 98.009987 | X76: =SUM(AK76:AN76)-SUM(H$10:K$10) -> 151.2 | Y76: =X76+W76 -> 249.20999 | Z76: =W76/(SUM(D$11:G$11)-SUM(D$10:G$10)) -> 0.76570302 | AA76: =X76/(SUM(H$11:K$11)-SUM(H$10:K$10)) -> 0.9 | AB76: =Y76/(SUM(D$11:K$11)-SUM(D$10:K$10)) -> 0.84192563 | AC76: =IF((AJ76-G$10)/(G$11-G$10)<0.3,"Si","No") -> No | AD76: =IF(O76>0.2,O76-O75,0) -> 0 | AE76: =IF(AF75<D$6,1,IF(AF75<E$6,MIN(1,(AH76-E$10)/(0.3*(E$11-E$10))),IF(AF75<F$6,MIN(1,(AI76-F$10)/(0.3*(F$11-F$10))),IF(AF75<G$6,MIN(1,(AJ76-G$10)/(0.3*(G$11-G$10))),IF(AF75<H$6,MIN(1,(AK76-H$10)/(0.3*(H$11-H$10))),IF(AF75<I$6,MIN(1,(AL76-I$10)/(0.3*(I$11-I$10))),IF(AF75<J$6,MIN(1,(AM76-J$10)/(0.3*(J$11-J$10))),IF(AF75<K$6,MIN(1,(AN76-K$10)/(0.3*(K$11-K$10))),0)))))))) -> 1 | AF76: =IF(O76<0.2,0,IF(O76=0.2,0.2,AF75+AD76*AE76)) -> 0 | AG76: =MIN(D$12,CA75) -> 39.809987 | AH76: =MIN(E$12,CB75) -> 63.2 | AI76: =MIN(F$12,CC75) -> 61.2 | AJ76: =MIN(G$12,CD75) -> 82.8 | AK76: =MIN(H$12,CE75) -> 79.8 | AL76: =MIN(I$12,CF75) -> 70.8 | AM76: =MIN(J$12,CG75) -> 70.8 | AN76: =MIN(K$12,CH75) -> 70.8 | AO76: =MAX(0,(AG76-D$10)*$B$8*MIN(1,(AG76-D$10)/($B$9*(D$11-D$10))))*MIN(1,$AF76/D$6) -> 0 | AP76: =MAX(0,(AH76-E$10)*$B$8*MIN(1,(AH76-E$10)/($B$9*(E$11-E$10))))*MIN(1,MAX(0,($AF76-D$6))/(E$6-D$6)) -> 0 | AQ76: =MAX(0,(AI76-F$10)*$B$8*MIN(1,(AI76-F$10)/($B$9*(F$11-F$10))))*MIN(1,MAX(0,($AF76-E$6))/(F$6-E$6)) -> 0 | AR76: =MAX(0,(AJ76-G$10)*$B$8*MIN(1,(AJ76-G$10)/($B$9*(G$11-G$10))))*MIN(1,MAX(0,($AF76-F$6))/(G$6-F$6)) -> 0 | AS76: =MAX(0,(AK76-H$10)*$B$8*MIN(1,(AK76-H$10)/($B$9*(H$11-H$10))))*MIN(1,MAX(0,($AF76-G$6))/(H$6-G$6)) -> 0 | AT76: =MAX(0,(AL76-I$10)*$B$8*MIN(1,(AL76-I$10)/($B$9*(I$11-I$10))))*MIN(1,MAX(0,($AF76-H$6))/(I$6-H$6)) -> 0 | AU76: =MAX(0,(AM76-J$10)*$B$8*MIN(1,(AM76-J$10)/($B$9*(J$11-J$10))))*MIN(1,MAX(0,($AF76-I$6))/(J$6-I$6)) -> 0 | AV76: =MAX(0,(AN76-K$10)*$B$8*MIN(1,(AN76-K$10)/($B$9*(K$11-K$10))))*MIN(1,MAX(0,($AF76-J$6))/(K$6-J$6)) -> 0 | AW76: =SUM(AO76:AV76) -> 0 | AX76: =MIN(U76,AW76+S76) -> 0 | AY76: =MAX(0,AX76-S76) -> 0 | AZ76: =IF($AW76>0,$AY76*(AO76/$AW76),0) -> 0 | BA76: =IF($AW76>0,$AY76*(AP76/$AW76),0) -> 0 | BB76: =IF($AW76>0,$AY76*(AQ76/$AW76),0) -> 0 | BC76: =IF($AW76>0,$AY76*(AR76/$AW76),0) -> 0 | BD76: =IF($AW76>0,$AY76*(AS76/$AW76),0) -> 0 | BE76: =IF($AW76>0,$AY76*(AT76/$AW76),0) -> 0 | BF76: =IF($AW76>0,$AY76*(AU76/$AW76),0) -> 0 | BG76: =IF($AW76>0,$AY76*(AV76/$AW76),0) -> 0 | BH76: =MIN(V76,MAX(0,(AG76-(D$11-$B$5*$B$2)))+MAX(0,S76-AX76)) -> 0 | BI76: =V76-BH76 -> 2.64 | BJ76: =BH76+MIN(BI76,BI76*((S76+AG76-AZ76-BH76-D$10*0.5)/(D$11-$B$5*$B$2-D$10*0.5))^4) -> 0.45056851 | BK76: =AG76-AZ76-BJ76 -> 39.359418 | BL76: =AH76-BA76 -> 63.2 | BM76: =AI76-BB76 -> 61.2 | BN76: =AJ76-BC76 -> 82.8 | BO76: =AK76-BD76 -> 79.8 | BP76: =AL76-BE76 -> 70.8 | BQ76: =AM76-BF76 -> 70.8 | BR76: =AN76-BG76 -> 70.8 | BS76: =MAX(0,(BK76-D$11)*$B$6) -> 0 | BT76: =MAX(0,(BL76-E$11)*$B$6) -> 0 | BU76: =MAX(0,(BM76-F$11)*$B$6) -> 0 | BV76: =MAX(0,(BN76-G$11)*$B$6) -> 0 | BW76: =MAX(0,(BO76-H$11)*$B$6) -> 0 | BX76: =MAX(0,(BP76-I$11)*$B$6) -> 0 | BY76: =MAX(0,(BQ76-J$11)*$B$6) -> 0 | BZ76: =MAX(0,(BR76-K$11)*$B$6) -> 0 | CA76: =BK76-BS76+MAX(0,S76-AY76-BJ76) -> 39.359418 | CB76: =BL76-BT76+BS76+CI76 -> 63.2 | CC76: =BM76-BU76+BT76+CJ76 -> 61.2 | CD76: =BN76-BV76+BU76+CK76 -> 82.8 | CE76: =BO76-BW76+BV76+CL76 -> 79.8 | CF76: =BP76-BX76+BW76+CM76 -> 70.8 | CG76: =BQ76-BY76+BX76+CN76 -> 70.8 | CH76: =BR76-BZ76+BY76+CO76 -> 70.8 | CI76: =MAX(0,CA76-D$12) -> 0 | CJ76: =MAX(0,CB76-E$12) -> 0 | CK76: =MAX(0,CC76-F$12) -> 0 | CL76: =MAX(0,CD76-G$12) -> 0 | CM76: =MAX(0,CE76-H$12) -> 0 | CN76: =MAX(0,CF76-I$12) -> 0 | CO76: =MAX(0,CG76-J$12) -> 0 | CP76: =MAX(0,CH76-K$12) -> 0
... L551: 30863 | M551: 0 | N551: 6.5 | O551: 2.3664 | P551: 1.1 | Q551: =0.15*($D$12-MAX(AG551,$D$10))/($D$12-$D$10) -> 0.12006423 | R551: =MAX(0,M551-Q551*$B$10)^2/(M551+$B$10*(1-Q551)) -> 0 | S551: =M551-R551 -> 0 | T551: =BZ551+CP551 -> 0 | U551: =N551*P551 -> 7.15 | V551: =MAX(0,N551*MAX(0,1-P551)*$B$2) -> 0 | W551: =SUM(AG551:AJ551)-SUM(D$10:G$10) -> 58.813684 | X551: =SUM(AK551:AN551)-SUM(H$10:K$10) -> 57.234586 | Y551: =X551+W551 -> 116.04827 | Z551: =W551/(SUM(D$11:G$11)-SUM(D$10:G$10)) -> 0.45948191 | AA551: =X551/(SUM(H$11:K$11)-SUM(H$10:K$10)) -> 0.34068206 | AB551: =Y551/(SUM(D$11:K$11)-SUM(D$10:K$10)) -> 0.39205497 | AC551: =IF((AJ551-G$10)/(G$11-G$10)<0.3,"Si","No") -> No | AD551: =IF(O551>0.2,O551-O550,0) -> 0 | AE551: =IF(AF550<D$6,1,IF(AF550<E$6,MIN(1,(AH551-E$10)/(0.3*(E$11-E$10))),IF(AF550<F$6,MIN(1,(AI551-F$10)/(0.3*(F$11-F$10))),IF(AF550<G$6,MIN(1,(AJ551-G$10)/(0.3*(G$11-G$10))),IF(AF550<H$6,MIN(1,(AK551-H$10)/(0.3*(H$11-H$10))),IF(AF550<I$6,MIN(1,(AL551-I$10)/(0.3*(I$11-I$10))),IF(AF550<J$6,MIN(1,(AM551-J$10)/(0.3*(J$11-J$10))),IF(AF550<K$6,MIN(1,(AN551-K$10)/(0.3*(K$11-K$10))),0)))))))) -> 0 | AF551: =IF(O551<0.2,0,IF(O551=0.2,0.2,AF550+AD551*AE551)) -> 2.1258 | AG551: =MIN(D$12,CA550) -> 44.768312 | AH551: =MIN(E$12,CB550) -> 50.570273 | AI551: =MIN(F$12,CC550) -> 48.53938 | AJ551: =MIN(G$12,CD550) -> 63.935719 | AK551: =MIN(H$12,CE550) -> 58.035247 | AL551: =MIN(I$12,CF550) -> 47.879397 | AM551: =MIN(J$12,CG550) -> 47.985651 | AN551: =MIN(K$12,CH550) -> 44.334292 | AO551: =MAX(0,(AG551-D$10)*$B$8*MIN(1,(AG551-D$10)/($B$9*(D$11-D$10))))*MIN(1,$AF551/D$6) -> 1.4540203 | AP551: =MAX(0,(AH551-E$10)*$B$8*MIN(1,(AH551-E$10)/($B$9*(E$11-E$10))))*MIN(1,MAX(0,($AF551-D$6))/(E$6-D$6)) -> 1.1286555 | AQ551: =MAX(0,(AI551-F$10)*$B$8*MIN(1,(AI551-F$10)/($B$9*(F$11-F$10))))*MIN(1,MAX(0,($AF551-E$6))/(F$6-E$6)) -> 1.1231146 | AR551: =MAX(0,(AJ551-G$10)*$B$8*MIN(1,(AJ551-G$10)/($B$9*(G$11-G$10))))*MIN(1,MAX(0,($AF551-F$6))/(G$6-F$6)) -> 1.7074355 | AS551: =MAX(0,(AK551-H$10)*$B$8*MIN(1,(AK551-H$10)/($B$9*(H$11-H$10))))*MIN(1,MAX(0,($AF551-G$6))/(H$6-G$6)) -> 1.2244244 | AT551: =MAX(0,(AL551-I$10)*$B$8*MIN(1,(AL551-I$10)/($B$9*(I$11-I$10))))*MIN(1,MAX(0,($AF551-H$6))/(I$6-H$6)) -> 1.0542688 | AU551: =MAX(0,(AM551-J$10)*$B$8*MIN(1,(AM551-J$10)/($B$9*(J$11-J$10))))*MIN(1,MAX(0,($AF551-I$6))/(J$6-I$6)) -> 1.0693796 | AV551: =MAX(0,(AN551-K$10)*$B$8*MIN(1,(AN551-K$10)/($B$9*(K$11-K$10))))*MIN(1,MAX(0,($AF551-J$6))/(K$6-J$6)) -> 0.61174369 | AW551: =SUM(AO551:AV551) -> 9.3730424 | AX551: =MIN(U551,AW551+S551) -> 7.15 | AY551: =MAX(0,AX551-S551) -> 7.15 | AZ551: =IF($AW551>0,$AY551*(AO551/$AW551),0) -> 1.1091644 | BA551: =IF($AW551>0,$AY551*(AP551/$AW551),0) -> 0.86096768 | BB551: =IF($AW551>0,$AY551*(AQ551/$AW551),0) -> 0.85674098 | BC551: =IF($AW551>0,$AY551*(AR551/$AW551),0) -> 1.3024761 | BD551: =IF($AW551>0,$AY551*(AS551/$AW551),0) -> 0.93402274 | BE551: =IF($AW551>0,$AY551*(AT551/$AW551),0) -> 0.80422358 | BF551: =IF($AW551>0,$AY551*(AU551/$AW551),0) -> 0.81575053 | BG551: =IF($AW551>0,$AY551*(AV551/$AW551),0) -> 0.46665396 | BH551: =MIN(V551,MAX(0,(AG551-(D$11-$B$5*$B$2)))+MAX(0,S551-AX551)) -> 0 | BI551: =V551-BH551 -> 0 | BJ551: =BH551+MIN(BI551,BI551*((S551+AG551-AZ551-BH551-D$10*0.5)/(D$11-$B$5*$B$2-D$10*0.5))^4) -> 0 | BK551: =AG551-AZ551-BJ551 -> 43.659148 | BL551: =AH551-BA551 -> 49.709305 | BM551: =AI551-BB551 -> 47.682639 | BN551: =AJ551-BC551 -> 62.633243 | BO551: =AK551-BD551 -> 57.101224 | BP551: =AL551-BE551 -> 47.075173 | BQ551: =AM551-BF551 -> 47.1699 | BR551: =AN551-BG551 -> 43.867638 | BS551: =MAX(0,(BK551-D$11)*$B$6) -> 0 | BT551: =MAX(0,(BL551-E$11)*$B$6) -> 0 | BU551: =MAX(0,(BM551-F$11)*$B$6) -> 0 | BV551: =MAX(0,(BN551-G$11)*$B$6) -> 0 | BW551: =MAX(0,(BO551-H$11)*$B$6) -> 0 | BX551: =MAX(0,(BP551-I$11)*$B$6) -> 0 | BY551: =MAX(0,(BQ551-J$11)*$B$6) -> 0 | BZ551: =MAX(0,(BR551-K$11)*$B$6) -> 0 | CA551: =BK551-BS551+MAX(0,S551-AY551-BJ551) -> 43.659148 | CB551: =BL551-BT551+BS551+CI551 -> 49.709305 | CC551: =BM551-BU551+BT551+CJ551 -> 47.682639 | CD551: =BN551-BV551+BU551+CK551 -> 62.633243 | CE551: =BO551-BW551+BV551+CL551 -> 57.101224 | CF551: =BP551-BX551+BW551+CM551 -> 47.075173 | CG551: =BQ551-BY551+BX551+CN551 -> 47.1699 | CH551: =BR551-BZ551+BY551+CO551 -> 43.867638 | CI551: =MAX(0,CA551-D$12) -> 0 | CJ551: =MAX(0,CB551-E$12) -> 0 | CK551: =MAX(0,CC551-F$12) -> 0 | CL551: =MAX(0,CD551-G$12) -> 0 | CM551: =MAX(0,CE551-H$12) -> 0 | CN551: =MAX(0,CF551-I$12) -> 0 | CO551: =MAX(0,CG551-J$12) -> 0 | CP551: =MAX(0,CH551-K$12) -> 0
